CUADRANTE,MUNICIPIO,SECTOR,HOMICIDIO DOLOSO,LESIONES POR ARMA DE FUEGO,ROBO A BORDO DE METRO C.V.,ROBO A BORDO DE METRO S.V.,ROBO A BORDO DE MICROBUS C.V.,ROBO A BORDO DE MICROBUS S.V.,ROBO A BORDO DE TAXI C.V.,ROBO A CASA HABITACION C.V.,ROBO A CUENTAHABIENTE C.V.,ROBO A NEGOCIO C.V.,ROBO A REPARTIDOR C.V.,ROBO A REPARTIDOR S.V.,ROBO A TRANSEUNTE C.V.,ROBO A TRANSEUNTE S.V.,ROBO A TRANSPORTISTA C.V.,ROBO A TRANSPORTISTA S.V.,ROBO DE VEHICULO AUTOMOTOR C.V.,ROBO DE VEHICULO AUTOMOTOR S.V.,SECUESTRO,VIOLACION,LATITUDE,LONGITUDE
O-3.6.9,ALVARO OBREGON,ALPES,0,1,0,0,0,1,1,0,0,1,0,1,9,3,9,3,5,1,0,1,19.345253507488003,-99.21112489578715
O-3.6.9,ALVARO OBREGON,ALPES,0,0,0,0,1,0,1,0,2,3,0,0,9,2,9,2,1,11,0,3,19.345253507488003,-99.21112489578715
O-3.6.9,ALVARO OBREGON,ALPES,2,0,0,0,0,0,0,1,0,5,5,0,20,4,20,4,2,6,0,9,19.345253507488003,-99.21112489578715
O-3.6.9,ALVARO OBREGON,ALPES,1,1,0,0,0,0,0,0,1,0,1,0,1,1,1,1,1,0,0,2,19.345253507488003,-99.21112489578715
O-3.6.9,ALVARO OBREGON,ALPES,0,0,0,0,0,0,0,0,0,2,1,1,6,0,6,0,1,0,0,2,19.345253507488003,-99.21112489578715
O-3.6.9,ALVARO OBREGON,ALPES,0,0,0,0,4,1,1,1,1,4,2,2,10,2,10,2,1,12,0,1,19.345253507488003,-99.21112489578715
O-3.6.9,ALVARO OBREGON,ALPES,1,0,0,0,0,0,1,0,1,6,0,0,5,3,5,3,2,4,0,2,19.345253507488003,-99.21112489578715
O-3.6.9,ALVARO OBREGON,ALPES,0,1,0,0,0,1,1,0,0,1,2,2,19,6,19,6,0,4,0,9,19.345253507488003,-99.21112489578715
O-3.6.9,ALVARO OBREGON,ALPES,1,1,0,0,1,2,0,1,0,2,2,1,9,0,9,0,6,3,0,1,19.345253507488003,-99.21112489578715
O-3.6.9,ALVARO OBREGON,ALPES,0,0,0,0,0,0,0,1,0,3,0,0,5,0,5,0,0,1,0,6,19.345253507488003,-99.21112489578715
O-3.6.9,ALVARO OBREGON,PLATEROS,0,0,0,2,0,0,2,0,0,3,1,0,39,3,39,3,1,3,0,4,19.39411683972032,-99.20034736912335
O-3.6.9,ALVARO OBREGON,PLATEROS,0,0,0,0,1,0,0,0,0,2,0,0,8,1,8,1,0,9,0,1,19.39411683972032,-99.20034736912335
O-3.6.9,ALVARO OBREGON,PLATEROS,0,0,0,0,0,1,0,1,1,1,1,1,17,1,17,1,2,14,0,2,19.39411683972032,-99.20034736912335
O-3.6.9,ALVARO OBREGON,PLATEROS,1,0,0,0,0,0,0,1,0,2,2,0,29,3,29,3,1,9,0,2,19.39411683972032,-99.20034736912335
O-3.6.9,ALVARO OBREGON,PLATEROS,2,3,0,0,0,1,0,0,0,4,9,1,54,1,54,1,3,3,0,4,19.39411683972032,-99.20034736912335
O-3.6.9,ALVARO OBREGON,PLATEROS,9,2,0,0,2,2,1,0,0,4,16,2,67,5,67,5,2,6,0,8,19.39411683972032,-99.20034736912335
O-3.6.9,ALVARO OBREGON,PLATEROS,1,1,0,0,0,1,2,0,0,3,7,0,46,2,46,2,3,13,0,3,19.39411683972032,-99.20034736912335
O-3.6.9,ALVARO OBREGON,PLATEROS,9,2,0,0,1,2,1,1,0,3,11,0,48,2,48,2,3,9,0,8,19.39411683972032,-99.20034736912335
O-3.6.9,ALVARO OBREGON,PLATEROS,1,0,0,0,1,0,1,1,0,9,0,1,24,3,24,3,5,3,0,1,19.39411683972032,-99.20034736912335
O-3.6.9,ALVARO OBREGON,PLATEROS,1,0,0,0,1,0,0,2,1,12,1,1,36,5,36,5,5,11,0,7,19.39411683972032,-99.20034736912335
O-3.6.9,ALVARO OBREGON,PLATEROS,3,0,0,0,1,0,0,0,1,3,0,0,15,0,15,0,1,7,0,1,19.39411683972032,-99.20034736912335
O-3.6.9,ALVARO OBREGON,SAN ANGEL,0,0,0,1,1,0,2,1,1,2,0,0,11,3,11,3,0,9,0,0,19.32235381194663,-99.21384566856237
O-3.6.9,ALVARO OBREGON,SAN ANGEL,0,0,0,0,0,3,0,2,0,0,1,0,1,1,1,1,1,3,0,0,19.32235381194663,-99.21384566856237
O-3.6.9,ALVARO OBREGON,SAN ANGEL,0,0,0,0,0,0,0,0,0,0,0,0,0,0,0,0,0,1,0,2,19.32235381194663,-99.21384566856237
O-3.6.9,ALVARO OBREGON,SAN ANGEL,0,0,0,0,0,0,0,0,0,0,0,0,1,0,1,0,0,1,0,0,19.32235381194663,-99.21384566856237
O-3.6.9,ALVARO OBREGON,SAN ANGEL,0,0,0,0,0,1,0,1,0,0,0,0,1,1,1,1,0,3,0,0,19.32235381194663,-99.21384566856237
O-3.6.9,ALVARO OBREGON,SAN ANGEL,0,0,0,1,0,0,1,1,0,2,0,0,12,4,12,4,1,11,0,1,19.32235381194663,-99.21384566856237
O-3.6.9,ALVARO OBREGON,SAN ANGEL,0,0,1,1,0,2,1,1,0,0,0,1,6,6,6,6,2,5,0,0,19.32235381194663,-99.21384566856237
O-3.6.9,ALVARO OBREGON,SAN ANGEL,0,0,0,0,2,1,0,0,1,3,0,0,12,2,12,2,5,4,0,0,19.32235381194663,-99.21384566856237
O-3.6.9,ALVARO OBREGON,SAN ANGEL,0,0,0,0,0,0,0,0,0,1,1,0,12,4,12,4,1,2,0,2,19.32235381194663,-99.21384566856237
O-3.6.9,ALVARO OBREGON,SAN ANGEL,0,0,0,0,1,0,0,0,0,4,0,0,12,2,12,2,6,8,0,0,19.32235381194663,-99.21384566856237
O-3.6.9,ALVARO OBREGON,SAN ANGEL,0,0,0,0,0,1,1,0,1,3,1,1,5,2,5,2,0,3,0,1,19.32235381194663,-99.21384566856237
O-3.6.9,ALVARO OBREGON,SAN ANGEL,0,0,0,0,0,0,0,1,1,1,0,0,1,1,1,1,0,2,0,0,19.32235381194663,-99.21384566856237
O-3.6.9,ALVARO OBREGON,SAN ANGEL,0,0,0,0,0,0,0,0,0,0,0,1,0,0,0,0,0,1,0,0,19.32235381194663,-99.21384566856237
O-3.6.9,ALVARO OBREGON,SANTA FE,3,2,0,0,1,2,5,1,0,16,15,2,53,5,53,5,8,10,0,7,19.379618541966316,-99.23329931354097
O-3.6.9,ALVARO OBREGON,SANTA FE,4,1,0,0,3,0,1,1,0,3,4,0,46,2,46,2,6,7,0,3,19.379618541966316,-99.23329931354097
O-3.6.9,ALVARO OBREGON,SANTA FE,6,1,0,0,2,0,0,1,1,2,4,1,34,1,34,1,9,10,0,3,19.379618541966316,-99.23329931354097
O-3.6.9,ALVARO OBREGON,SANTA FE,1,2,0,0,2,1,0,1,0,5,7,0,28,7,28,7,7,11,0,3,19.379618541966316,-99.23329931354097
O-3.6.9,ALVARO OBREGON,SANTA FE,6,1,0,0,2,0,2,1,0,6,4,1,39,2,39,2,3,15,0,8,19.379618541966316,-99.23329931354097
O-3.6.9,ALVARO OBREGON,SANTA FE,5,1,0,0,0,0,0,0,0,2,2,1,16,1,16,1,1,8,0,2,19.379618541966316,-99.23329931354097
O-3.6.9,ALVARO OBREGON,SANTA FE,1,0,0,0,0,0,3,0,0,6,4,1,23,2,23,2,2,9,0,4,19.379618541966316,-99.23329931354097
O-3.6.9,AZCAPOTZALCO,CLAVERIA,0,0,0,0,0,0,1,0,0,3,0,0,10,0,10,0,3,7,0,2,19.48726221505013,-99.21726222023766
O-3.6.9,AZCAPOTZALCO,CLAVERIA,1,0,0,0,1,0,0,0,0,4,4,0,27,1,27,1,2,4,0,1,19.48726221505013,-99.21726222023766
O-3.6.9,AZCAPOTZALCO,CLAVERIA,1,1,0,0,0,0,0,1,0,18,4,0,14,2,14,2,4,4,0,1,19.48726221505013,-99.21726222023766
O-3.6.9,AZCAPOTZALCO,CLAVERIA,1,0,0,0,1,0,0,0,0,8,2,0,10,3,10,3,3,0,0,2,19.48726221505013,-99.21726222023766
O-3.6.9,AZCAPOTZALCO,CLAVERIA,1,0,0,1,0,0,0,1,0,11,3,1,26,4,26,4,4,6,0,4,19.48726221505013,-99.21726222023766
O-3.6.9,AZCAPOTZALCO,CLAVERIA,0,2,0,0,0,0,0,0,0,7,0,0,13,0,13,0,2,6,0,2,19.48726221505013,-99.21726222023766
O-3.6.9,AZCAPOTZALCO,CLAVERIA,2,0,0,0,0,0,0,0,2,4,1,0,23,5,23,5,0,4,0,3,19.48726221505013,-99.21726222023766
O-3.6.9,AZCAPOTZALCO,CLAVERIA,0,0,0,0,0,0,0,0,0,2,1,0,15,1,15,1,1,8,0,0,19.48726221505013,-99.21726222023766
O-3.6.9,AZCAPOTZALCO,CLAVERIA,0,0,0,0,0,0,0,0,0,10,0,0,10,4,10,4,0,6,0,0,19.48726221505013,-99.21726222023766
O-3.6.9,AZCAPOTZALCO,CLAVERIA,1,1,0,1,1,0,0,0,0,3,2,0,12,1,12,1,1,4,0,2,19.48726221505013,-99.21726222023766
O-3.6.9,AZCAPOTZALCO,CLAVERIA,0,0,0,2,1,0,0,0,0,3,1,0,17,2,17,2,2,5,0,6,19.48726221505013,-99.21726222023766
O-3.6.9,AZCAPOTZALCO,CLAVERIA,1,0,0,0,1,0,1,0,0,7,3,0,16,0,16,0,6,4,0,2,19.48726221505013,-99.21726222023766
O-3.6.9,AZCAPOTZALCO,CUITLAHUAC,0,1,0,0,0,0,0,0,0,2,4,0,11,1,11,1,2,3,0,1,19.474575946846233,-99.1734630418774
O-3.6.9,AZCAPOTZALCO,CUITLAHUAC,0,1,0,0,0,0,0,0,0,2,3,0,10,1,10,1,2,6,0,2,19.474575946846233,-99.1734630418774
O-3.6.9,AZCAPOTZALCO,CUITLAHUAC,0,0,0,0,0,0,0,0,1,4,0,0,5,1,5,1,2,3,0,0,19.474575946846233,-99.1734630418774
O-3.6.9,AZCAPOTZALCO,CUITLAHUAC,0,0,0,0,1,1,0,0,0,3,1,0,3,0,3,0,0,1,0,3,19.474575946846233,-99.1734630418774
O-3.6.9,AZCAPOTZALCO,CUITLAHUAC,1,0,0,0,0,1,0,0,1,6,0,0,6,1,6,1,2,1,0,0,19.474575946846233,-99.1734630418774
O-3.6.9,AZCAPOTZALCO,CUITLAHUAC,3,1,0,0,0,1,0,0,1,3,2,1,10,3,10,3,5,8,0,0,19.474575946846233,-99.1734630418774
O-3.6.9,AZCAPOTZALCO,CUITLAHUAC,0,1,0,0,0,0,0,0,0,1,0,0,6,0,6,0,0,7,0,1,19.474575946846233,-99.1734630418774
O-3.6.9,AZCAPOTZALCO,CUITLAHUAC,0,0,0,0,0,1,0,0,0,1,0,0,1,0,1,0,2,2,0,1,19.474575946846233,-99.1734630418774
O-3.6.9,AZCAPOTZALCO,CUITLAHUAC,1,0,0,0,0,0,0,0,0,1,0,0,11,0,11,0,1,4,0,0,19.474575946846233,-99.1734630418774
O-3.6.9,AZCAPOTZALCO,HORMIGA,0,1,0,0,1,0,0,0,0,0,16,0,15,2,15,2,4,5,0,0,19.501951854711052,-99.2047629434754
O-3.6.9,AZCAPOTZALCO,HORMIGA,0,0,0,0,0,0,0,0,0,2,2,1,12,6,12,6,2,7,0,2,19.501951854711052,-99.2047629434754
O-3.6.9,AZCAPOTZALCO,HORMIGA,1,0,0,2,0,0,0,1,0,4,3,0,5,1,5,1,1,2,0,1,19.501951854711052,-99.2047629434754
O-3.6.9,AZCAPOTZALCO,HORMIGA,2,0,0,10,1,0,0,1,0,4,1,0,16,1,16,1,4,16,0,2,19.501951854711052,-99.2047629434754
O-3.6.9,AZCAPOTZALCO,HORMIGA,0,0,0,0,0,0,0,1,0,2,2,0,6,1,6,1,3,6,0,0,19.501951854711052,-99.2047629434754
O-3.6.9,AZCAPOTZALCO,HORMIGA,1,1,0,0,1,0,0,0,0,3,0,0,7,0,7,0,0,8,0,1,19.501951854711052,-99.2047629434754
O-3.6.9,AZCAPOTZALCO,HORMIGA,0,1,0,0,0,0,1,0,0,2,4,1,11,1,11,1,1,3,0,0,19.501951854711052,-99.2047629434754
O-3.6.9,AZCAPOTZALCO,HORMIGA,2,0,0,2,0,0,0,0,0,3,2,0,9,0,9,0,0,2,0,2,19.501951854711052,-99.2047629434754
O-3.6.9,AZCAPOTZALCO,HORMIGA,0,2,0,0,2,0,1,0,0,6,2,0,6,1,6,1,2,3,0,0,19.501951854711052,-99.2047629434754
O-3.6.9,AZCAPOTZALCO,HORMIGA,0,0,0,0,0,1,0,2,0,3,2,1,7,2,7,2,1,6,0,1,19.501951854711052,-99.2047629434754
O-3.6.9,AZCAPOTZALCO,HORMIGA,1,0,0,3,0,0,0,0,0,4,2,1,13,0,13,0,4,3,0,0,19.501951854711052,-99.2047629434754
O-3.6.9,AZCAPOTZALCO,LA RAZA,1,0,0,0,1,0,0,0,0,3,2,0,8,0,8,0,5,8,0,1,19.47885532622871,-99.15778975606756
O-3.6.9,AZCAPOTZALCO,LA RAZA,1,1,0,0,0,0,0,0,0,3,5,0,8,4,8,4,1,5,0,1,19.47885532622871,-99.15778975606756
O-3.6.9,AZCAPOTZALCO,LA RAZA,2,0,0,0,1,0,0,0,0,2,0,0,11,0,11,0,0,3,0,0,19.47885532622871,-99.15778975606756
O-3.6.9,AZCAPOTZALCO,LA RAZA,1,0,0,0,0,0,0,0,0,1,2,1,12,1,12,1,2,7,0,5,19.47885532622871,-99.15778975606756
O-3.6.9,AZCAPOTZALCO,LA RAZA,1,1,0,0,0,0,0,0,1,5,3,0,17,0,17,0,5,8,0,3,19.47885532622871,-99.15778975606756
O-3.6.9,AZCAPOTZALCO,LA RAZA,1,2,0,0,0,0,0,0,1,0,0,0,4,0,4,0,1,4,0,1,19.47885532622871,-99.15778975606756
O-3.6.9,AZCAPOTZALCO,LA RAZA,1,0,0,0,0,0,0,0,0,2,0,0,6,0,6,0,1,11,1,1,19.47885532622871,-99.15778975606756
O-3.6.9,BENITO JUAREZ,DEL VALLE,0,0,0,0,0,1,0,0,0,1,0,1,3,2,3,2,0,2,0,2,19.392299378173433,-99.16579232531616
O-3.6.9,BENITO JUAREZ,DEL VALLE,0,1,0,0,0,0,0,0,0,1,0,0,3,0,3,0,0,1,0,0,19.392299378173433,-99.16579232531616
O-3.6.9,BENITO JUAREZ,DEL VALLE,0,0,0,0,0,0,0,0,0,1,0,0,4,0,4,0,0,3,0,0,19.392299378173433,-99.16579232531616
O-3.6.9,BENITO JUAREZ,DEL VALLE,0,1,0,0,0,0,1,0,0,2,0,1,8,1,8,1,1,1,0,1,19.392299378173433,-99.16579232531616
O-3.6.9,BENITO JUAREZ,DEL VALLE,0,0,0,0,0,0,0,0,0,0,0,0,5,1,5,1,0,5,0,1,19.392299378173433,-99.16579232531616
O-3.6.9,BENITO JUAREZ,DEL VALLE,0,0,0,5,0,0,0,0,1,2,0,0,4,2,4,2,0,3,0,1,19.392299378173433,-99.16579232531616
O-3.6.9,BENITO JUAREZ,DEL VALLE,1,0,1,10,0,1,0,0,2,1,0,0,8,4,8,4,0,5,0,2,19.392299378173433,-99.16579232531616
O-3.6.9,BENITO JUAREZ,DEL VALLE,0,0,0,3,0,0,0,0,0,0,0,0,3,0,3,0,1,1,0,2,19.392299378173433,-99.16579232531616
O-3.6.9,BENITO JUAREZ,DEL VALLE,0,0,0,0,0,0,0,0,0,1,0,0,4,1,4,1,1,4,0,0,19.392299378173433,-99.16579232531616
O-3.6.9,BENITO JUAREZ,DEL VALLE,1,0,0,1,0,0,0,0,0,0,0,0,8,5,8,5,2,3,0,0,19.392299378173433,-99.16579232531616
O-3.6.9,BENITO JUAREZ,DEL VALLE,0,0,0,0,0,0,0,0,1,1,0,0,5,1,5,1,0,2,0,0,19.392299378173433,-99.16579232531616
O-3.6.9,BENITO JUAREZ,DEL VALLE,0,1,0,0,1,0,1,0,0,1,0,0,3,1,3,1,1,2,0,2,19.392299378173433,-99.16579232531616
O-3.6.9,BENITO JUAREZ,DEL VALLE,0,0,0,0,0,0,0,0,0,2,0,1,6,1,6,1,0,8,0,0,19.392299378173433,-99.16579232531616
O-3.6.9,BENITO JUAREZ,DEL VALLE,1,0,0,0,0,0,0,0,1,1,0,0,5,1,5,1,0,5,0,0,19.392299378173433,-99.16579232531616
O-3.6.9,BENITO JUAREZ,DEL VALLE,0,0,0,0,0,0,0,0,0,3,1,0,2,1,2,1,1,5,0,0,19.392299378173433,-99.16579232531616
O-3.6.9,BENITO JUAREZ,DEL VALLE,0,0,0,0,0,0,0,0,0,2,0,0,3,1,3,1,0,0,0,1,19.392299378173433,-99.16579232531616
O-3.6.9,BENITO JUAREZ,NAPOLES,0,2,0,0,1,0,0,1,0,1,1,1,10,2,10,2,0,7,0,1,19.38514435955413,-99.18294314806327
O-3.6.9,BENITO JUAREZ,NAPOLES,0,0,0,0,0,0,0,0,1,1,0,0,7,1,7,1,0,3,0,0,19.38514435955413,-99.18294314806327
O-3.6.9,BENITO JUAREZ,NAPOLES,0,0,0,0,3,2,1,0,1,2,1,0,18,5,18,5,3,2,0,3,19.38514435955413,-99.18294314806327
O-3.6.9,BENITO JUAREZ,NAPOLES,0,0,0,0,0,0,0,0,1,3,0,0,1,1,1,1,0,3,0,2,19.38514435955413,-99.18294314806327
O-3.6.9,BENITO JUAREZ,NAPOLES,0,0,0,0,0,0,0,0,0,0,1,1,1,1,1,1,1,0,0,1,19.38514435955413,-99.18294314806327
O-3.6.9,BENITO JUAREZ,NAPOLES,0,1,0,0,1,1,0,0,0,1,0,1,9,6,9,6,2,5,0,1,19.38514435955413,-99.18294314806327
O-3.6.9,BENITO JUAREZ,NAPOLES,0,1,0,0,0,0,1,0,0,0,0,0,22,4,22,4,1,8,0,0,19.38514435955413,-99.18294314806327
O-3.6.9,BENITO JUAREZ,NAPOLES,1,0,0,1,2,0,0,0,0,3,1,0,12,2,12,2,1,5,0,2,19.38514435955413,-99.18294314806327
O-3.6.9,BENITO JUAREZ,NAPOLES,0,0,0,0,0,0,0,0,0,1,0,0,4,3,4,3,0,0,0,2,19.38514435955413,-99.18294314806327
O-3.6.9,BENITO JUAREZ,NAPOLES,0,0,0,0,0,0,1,0,0,1,0,0,10,2,10,2,1,1,0,1,19.38514435955413,-99.18294314806327
O-3.6.9,BENITO JUAREZ,NAPOLES,0,0,0,0,0,0,0,1,0,1,0,0,2,1,2,1,0,0,0,1,19.38514435955413,-99.18294314806327
O-3.6.9,BENITO JUAREZ,NAPOLES,0,0,0,2,0,0,1,0,0,0,1,0,5,2,5,2,0,0,0,2,19.38514435955413,-99.18294314806327
O-3.6.9,BENITO JUAREZ,NAPOLES,0,0,0,4,0,0,0,0,0,1,0,0,7,1,7,1,0,1,0,2,19.38514435955413,-99.18294314806327
O-3.6.9,BENITO JUAREZ,NARVARTE-ALAMOS,0,0,0,0,0,0,1,0,0,2,0,1,17,6,17,6,2,3,0,3,19.390869131555895,-99.15793701511393
O-3.6.9,BENITO JUAREZ,NARVARTE-ALAMOS,0,0,0,0,0,0,0,0,0,1,0,0,1,2,1,2,0,1,0,1,19.390869131555895,-99.15793701511393
O-3.6.9,BENITO JUAREZ,NARVARTE-ALAMOS,0,1,1,2,0,0,0,1,0,4,0,0,5,2,5,2,0,1,0,1,19.390869131555895,-99.15793701511393
O-3.6.9,BENITO JUAREZ,NARVARTE-ALAMOS,0,0,0,0,0,0,0,0,0,4,0,0,2,4,2,4,0,3,0,2,19.390869131555895,-99.15793701511393
O-3.6.9,BENITO JUAREZ,NARVARTE-ALAMOS,0,0,0,6,0,0,0,0,0,2,0,0,10,5,10,5,0,6,0,1,19.390869131555895,-99.15793701511393
O-3.6.9,BENITO JUAREZ,NARVARTE-ALAMOS,0,0,0,0,0,0,0,0,0,3,0,0,7,1,7,1,1,5,0,0,19.390869131555895,-99.15793701511393
O-3.6.9,BENITO JUAREZ,NARVARTE-ALAMOS,0,0,0,0,0,0,2,0,0,2,0,0,13,3,13,3,0,10,0,0,19.390869131555895,-99.15793701511393
O-3.6.9,BENITO JUAREZ,NARVARTE-ALAMOS,0,0,0,0,0,0,0,0,0,1,0,0,2,1,2,1,0,6,0,2,19.390869131555895,-99.15793701511393
O-3.6.9,BENITO JUAREZ,NARVARTE-ALAMOS,0,0,0,0,0,0,0,1,0,0,0,0,10,0,10,0,1,3,0,1,19.390869131555895,-99.15793701511393
O-3.6.9,BENITO JUAREZ,NARVARTE-ALAMOS,0,0,0,0,0,0,1,0,0,2,0,0,7,2,7,2,1,4,0,0,19.390869131555895,-99.15793701511393
O-3.6.9,BENITO JUAREZ,NARVARTE-ALAMOS,1,0,0,0,0,0,0,0,0,0,0,0,11,4,11,4,1,5,0,1,19.390869131555895,-99.15793701511393
O-3.6.9,BENITO JUAREZ,NARVARTE-ALAMOS,0,1,0,0,0,0,0,0,1,0,0,0,13,4,13,4,2,5,0,0,19.390869131555895,-99.15793701511393
O-3.6.9,BENITO JUAREZ,NARVARTE-ALAMOS,0,0,0,1,0,1,0,0,0,1,0,0,26,2,26,2,0,3,0,6,19.390869131555895,-99.15793701511393
O-3.6.9,BENITO JUAREZ,NARVARTE-ALAMOS,0,0,0,3,0,0,0,0,0,0,1,0,20,7,20,7,3,10,0,0,19.390869131555895,-99.15793701511393
O-3.6.9,BENITO JUAREZ,NARVARTE-ALAMOS,0,0,0,2,1,0,0,1,0,6,1,0,16,4,16,4,1,3,0,0,19.390869131555895,-99.15793701511393
O-3.6.9,BENITO JUAREZ,NARVARTE-ALAMOS,0,0,0,0,0,0,0,0,0,1,0,0,5,1,5,1,1,5,0,1,19.390869131555895,-99.15793701511393
O-3.6.9,BENITO JUAREZ,NARVARTE-ALAMOS,0,1,0,0,0,0,0,1,0,1,1,0,4,4,4,4,1,2,0,0,19.390869131555895,-99.15793701511393
O-3.6.9,BENITO JUAREZ,NARVARTE-ALAMOS,0,0,0,0,0,0,0,0,0,0,0,0,4,1,4,1,0,3,0,0,19.390869131555895,-99.15793701511393
O-3.6.9,BENITO JUAREZ,NATIVITAS,0,0,1,0,0,0,0,0,0,3,0,0,14,2,14,2,0,3,0,0,19.391420809856054,-99.13524474443314
O-3.6.9,BENITO JUAREZ,NATIVITAS,0,0,0,0,0,0,1,0,0,3,0,0,5,2,5,2,0,2,0,0,19.391420809856054,-99.13524474443314
O-3.6.9,BENITO JUAREZ,NATIVITAS,0,0,0,1,0,1,0,1,0,2,1,1,12,2,12,2,0,1,0,1,19.391420809856054,-99.13524474443314
O-3.6.9,BENITO JUAREZ,NATIVITAS,0,0,0,0,0,0,0,0,0,0,2,0,9,0,9,0,1,2,0,2,19.391420809856054,-99.13524474443314
O-3.6.9,BENITO JUAREZ,NATIVITAS,0,0,0,0,1,0,0,1,0,0,3,0,12,2,12,2,0,3,0,0,19.391420809856054,-99.13524474443314
O-3.6.9,BENITO JUAREZ,NATIVITAS,1,0,0,0,0,0,0,0,0,2,2,0,11,4,11,4,0,3,0,0,19.391420809856054,-99.13524474443314
O-3.6.9,BENITO JUAREZ,NATIVITAS,0,0,1,1,0,1,1,0,1,1,0,0,7,3,7,3,0,2,0,0,19.391420809856054,-99.13524474443314
O-3.6.9,BENITO JUAREZ,NATIVITAS,0,0,0,2,0,2,0,0,0,6,0,0,3,1,3,1,1,2,0,3,19.391420809856054,-99.13524474443314
O-3.6.9,BENITO JUAREZ,NATIVITAS,0,0,1,1,0,3,0,0,1,2,1,0,6,1,6,1,3,3,0,2,19.391420809856054,-99.13524474443314
O-3.6.9,BENITO JUAREZ,PORTALES,1,0,0,2,0,1,1,0,0,1,0,2,6,5,6,5,0,3,0,2,19.37883610922579,-99.15594428752406
O-3.6.9,BENITO JUAREZ,PORTALES,0,0,0,1,0,1,0,0,1,4,0,0,11,2,11,2,0,4,0,2,19.37883610922579,-99.15594428752406
O-3.6.9,BENITO JUAREZ,PORTALES,0,0,0,0,0,0,1,0,0,2,0,0,12,1,12,1,0,3,0,1,19.37883610922579,-99.15594428752406
O-3.6.9,BENITO JUAREZ,PORTALES,0,0,0,0,0,0,0,0,0,0,0,0,3,1,3,1,0,9,0,0,19.37883610922579,-99.15594428752406
O-3.6.9,BENITO JUAREZ,PORTALES,0,0,0,0,0,0,1,0,3,3,1,1,14,9,14,9,2,8,0,4,19.37883610922579,-99.15594428752406
O-3.6.9,BENITO JUAREZ,PORTALES,1,0,0,0,0,0,0,0,0,0,0,0,6,1,6,1,0,2,0,1,19.37883610922579,-99.15594428752406
O-3.6.9,BENITO JUAREZ,PORTALES,0,0,0,0,0,0,0,3,0,2,1,0,1,1,1,1,1,4,0,0,19.37883610922579,-99.15594428752406
O-3.6.9,BENITO JUAREZ,PORTALES,1,0,0,0,0,0,1,1,0,0,0,0,16,5,16,5,0,4,0,3,19.37883610922579,-99.15594428752406
O-3.6.9,BENITO JUAREZ,PORTALES,0,1,0,0,0,1,1,0,1,2,0,0,17,3,17,3,1,7,0,0,19.37883610922579,-99.15594428752406
O-3.6.9,BENITO JUAREZ,PORTALES,0,1,0,1,1,1,1,1,1,9,0,0,12,4,12,4,2,5,0,4,19.37883610922579,-99.15594428752406
O-3.6.9,BENITO JUAREZ,PORTALES,0,0,0,0,0,1,0,0,1,0,0,0,12,3,12,3,0,3,0,0,19.37883610922579,-99.15594428752406
O-3.6.9,COYOACAN,COYOACAN,0,0,1,0,0,1,1,0,1,1,0,1,11,2,11,2,0,7,0,0,19.34911949539267,-99.18007254524117
O-3.6.9,COYOACAN,COYOACAN,0,0,1,2,1,1,0,0,0,2,0,0,7,2,7,2,0,3,0,1,19.34911949539267,-99.18007254524117
O-3.6.9,COYOACAN,COYOACAN,0,0,0,0,0,1,0,0,0,1,0,1,3,3,3,3,1,4,0,0,19.34911949539267,-99.18007254524117
O-3.6.9,COYOACAN,COYOACAN,0,0,0,0,1,2,1,0,0,0,1,2,12,7,12,7,1,2,0,3,19.34911949539267,-99.18007254524117
O-3.6.9,COYOACAN,COYOACAN,0,0,0,0,0,0,0,0,0,0,1,0,0,0,0,0,0,0,0,1,19.34911949539267,-99.18007254524117
O-3.6.9,COYOACAN,COYOACAN,1,0,0,0,0,1,0,0,0,1,0,0,4,1,4,1,1,0,0,0,19.34911949539267,-99.18007254524117
O-3.6.9,COYOACAN,COYOACAN,1,0,0,0,0,0,0,0,0,1,0,0,10,1,10,1,0,4,0,1,19.34911949539267,-99.18007254524117
O-3.6.9,COYOACAN,COYOACAN,2,0,0,0,0,2,0,0,0,3,0,0,7,3,7,3,0,3,0,2,19.34911949539267,-99.18007254524117
O-3.6.9,COYOACAN,COYOACAN,0,0,0,0,0,0,0,0,1,1,1,1,7,0,7,0,0,6,0,0,19.34911949539267,-99.18007254524117
O-3.6.9,COYOACAN,COYOACAN,0,0,0,0,0,0,0,0,0,1,0,0,7,3,7,3,2,6,0,1,19.34911949539267,-99.18007254524117
O-3.6.9,COYOACAN,COYOACAN,0,0,0,0,0,2,0,0,0,1,0,2,9,12,9,12,1,4,0,1,19.34911949539267,-99.18007254524117
O-3.6.9,COYOACAN,COYOACAN,0,0,0,0,1,0,0,0,0,0,0,0,7,2,7,2,1,9,0,0,19.34911949539267,-99.18007254524117
O-3.6.9,COYOACAN,COYOACAN,0,0,0,0,0,0,0,0,0,3,0,0,5,5,5,5,0,16,0,0,19.34911949539267,-99.18007254524117
O-3.6.9,COYOACAN,COYOACAN,0,0,0,0,0,0,0,0,0,3,0,0,9,2,9,2,0,2,0,0,19.34911949539267,-99.18007254524117
O-3.6.9,COYOACAN,COYOACAN,0,0,0,0,0,0,0,0,0,1,0,0,0,0,0,0,0,0,0,0,19.34911949539267,-99.18007254524117
O-3.6.9,COYOACAN,COYOACAN,0,0,0,0,0,0,0,0,0,0,0,0,0,1,0,1,1,1,0,0,19.34911949539267,-99.18007254524117
O-3.6.9,COYOACAN,CULHUACAN,0,0,0,0,1,1,0,0,0,1,0,1,7,1,7,1,0,10,0,1,19.313854639239228,-99.13650724512239
O-3.6.9,COYOACAN,CULHUACAN,0,0,0,0,0,0,0,0,1,1,0,0,4,2,4,2,1,6,0,0,19.313854639239228,-99.13650724512239
O-3.6.9,COYOACAN,CULHUACAN,1,0,0,0,0,1,1,0,0,1,1,0,6,2,6,2,4,12,0,1,19.313854639239228,-99.13650724512239
O-3.6.9,COYOACAN,CULHUACAN,0,0,0,0,1,1,0,0,0,1,0,0,2,0,2,0,0,2,0,2,19.313854639239228,-99.13650724512239
O-3.6.9,COYOACAN,CULHUACAN,0,0,0,1,0,1,1,1,0,1,0,0,9,1,9,1,0,3,0,0,19.313854639239228,-99.13650724512239
O-3.6.9,COYOACAN,CULHUACAN,0,0,0,0,1,0,0,1,1,0,0,0,1,0,1,0,0,0,0,3,19.313854639239228,-99.13650724512239
O-3.6.9,COYOACAN,CULHUACAN,0,0,0,0,2,0,0,0,0,6,0,0,2,0,2,0,0,15,0,2,19.313854639239228,-99.13650724512239
O-3.6.9,COYOACAN,CULHUACAN,0,0,0,0,1,1,0,0,0,3,1,0,10,0,10,0,1,6,0,1,19.313854639239228,-99.13650724512239
O-3.6.9,COYOACAN,CULHUACAN,5,0,0,0,1,1,0,0,0,2,2,1,20,5,20,5,2,7,0,0,19.313854639239228,-99.13650724512239
O-3.6.9,COYOACAN,CULHUACAN,0,2,0,0,0,0,0,0,0,0,1,1,11,4,11,4,1,1,0,3,19.313854639239228,-99.13650724512239
O-3.6.9,COYOACAN,CULHUACAN,1,0,0,0,0,0,0,0,0,0,1,0,16,4,16,4,1,6,0,0,19.313854639239228,-99.13650724512239
O-3.6.9,COYOACAN,CULHUACAN,0,0,0,0,0,1,0,0,2,1,2,0,12,1,12,1,1,5,0,1,19.313854639239228,-99.13650724512239
O-3.6.9,COYOACAN,CULHUACAN,1,1,0,0,0,0,1,0,0,1,0,1,4,1,4,1,1,8,0,0,19.313854639239228,-99.13650724512239
O-3.6.9,COYOACAN,CULHUACAN,0,0,0,0,1,1,0,0,0,1,0,0,1,0,1,0,1,2,0,0,19.313854639239228,-99.13650724512239
O-3.6.9,COYOACAN,CULHUACAN,0,0,0,0,0,0,0,0,0,2,1,0,0,0,0,0,0,1,0,0,19.313854639239228,-99.13650724512239
O-3.6.9,COYOACAN,TAXQUEÑA,0,0,0,0,0,1,2,0,0,3,1,0,5,0,5,0,2,2,0,2,19.35602285164437,-99.13401434307156
O-3.6.9,COYOACAN,TAXQUEÑA,0,0,0,0,0,2,0,0,0,5,0,1,5,3,5,3,1,3,0,2,19.35602285164437,-99.13401434307156
O-3.6.9,COYOACAN,TAXQUEÑA,0,0,0,0,0,0,0,0,0,1,1,0,3,0,3,0,0,2,0,2,19.35602285164437,-99.13401434307156
O-3.6.9,COYOACAN,TAXQUEÑA,2,1,0,0,0,0,0,0,0,2,1,0,11,0,11,0,0,3,0,2,19.35602285164437,-99.13401434307156
O-3.6.9,COYOACAN,TAXQUEÑA,0,0,0,0,3,0,0,0,0,2,0,2,17,2,17,2,4,2,0,0,19.35602285164437,-99.13401434307156
O-3.6.9,COYOACAN,TAXQUEÑA,0,0,0,0,0,0,0,1,0,0,0,0,3,0,3,0,0,2,0,1,19.35602285164437,-99.13401434307156
O-3.6.9,COYOACAN,TAXQUEÑA,0,1,0,0,0,0,0,0,0,6,1,0,15,0,15,0,1,3,0,0,19.35602285164437,-99.13401434307156
O-3.6.9,COYOACAN,TAXQUEÑA,0,0,0,0,0,0,0,0,0,1,0,0,1,0,1,0,0,4,0,0,19.35602285164437,-99.13401434307156
O-3.6.9,COYOACAN,TAXQUEÑA,1,0,0,0,0,1,0,2,1,6,1,0,8,4,8,4,0,11,0,0,19.35602285164437,-99.13401434307156
O-3.6.9,COYOACAN,TAXQUEÑA,0,0,0,0,1,0,0,0,0,4,0,0,1,0,1,0,0,0,0,1,19.35602285164437,-99.13401434307156
O-3.6.9,COYOACAN,TAXQUEÑA,0,0,0,0,0,0,0,0,0,3,0,0,4,1,4,1,0,2,0,0,19.35602285164437,-99.13401434307156
O-3.6.9,COYOACAN,TAXQUEÑA,0,0,0,1,0,0,0,0,0,1,0,0,1,0,1,0,1,2,0,0,19.35602285164437,-99.13401434307156
O-3.6.9,COYOACAN,TAXQUEÑA,0,0,0,0,0,0,0,0,0,0,0,0,9,1,9,1,1,6,0,0,19.35602285164437,-99.13401434307156
O-3.6.9,COYOACAN,TAXQUEÑA,0,0,0,6,2,4,1,0,2,1,0,0,12,4,12,4,3,4,0,2,19.35602285164437,-99.13401434307156
O-3.6.9,COYOACAN,TAXQUEÑA,0,1,0,0,0,0,0,0,0,1,0,0,3,1,3,1,2,1,0,0,19.35602285164437,-99.13401434307156
O-3.6.9,COYOACAN,TAXQUEÑA,0,0,0,0,0,0,0,0,0,0,0,0,0,0,0,0,2,8,0,0,19.35602285164437,-99.13401434307156
O-3.6.9,COYOACAN,TAXQUEÑA,0,0,0,0,0,1,0,1,0,0,0,0,5,1,5,1,0,3,0,1,19.35602285164437,-99.13401434307156
O-3.6.9,COYOACAN,TAXQUEÑA,1,2,0,0,0,0,0,1,0,0,0,0,8,0,8,0,0,4,0,1,19.35602285164437,-99.13401434307156
O-3.6.9,COYOACAN,UNIVERSIDAD,0,0,0,7,0,1,0,1,0,1,0,1,4,3,4,3,1,5,0,0,19.33851045626468,-99.19023597008557
O-3.6.9,COYOACAN,UNIVERSIDAD,0,0,0,0,0,2,1,0,1,0,0,0,0,0,0,0,1,2,0,0,19.33851045626468,-99.19023597008557
O-3.6.9,COYOACAN,UNIVERSIDAD,0,0,0,0,0,3,0,0,0,0,0,0,6,1,6,1,2,4,0,0,19.33851045626468,-99.19023597008557
O-3.6.9,COYOACAN,UNIVERSIDAD,0,0,0,0,0,2,0,0,0,1,0,0,3,0,3,0,0,0,0,0,19.33851045626468,-99.19023597008557
O-3.6.9,COYOACAN,UNIVERSIDAD,0,0,0,0,0,0,1,0,0,0,0,0,5,5,5,5,0,5,0,2,19.33851045626468,-99.19023597008557
O-3.6.9,COYOACAN,UNIVERSIDAD,0,0,0,7,0,4,0,0,0,1,0,0,13,5,13,5,2,0,0,0,19.33851045626468,-99.19023597008557
O-3.6.9,COYOACAN,UNIVERSIDAD,0,0,0,7,0,1,0,0,1,0,0,0,2,2,2,2,1,1,0,0,19.33851045626468,-99.19023597008557
O-3.6.9,COYOACAN,UNIVERSIDAD,0,0,0,0,0,0,0,1,0,0,0,0,3,0,3,0,0,3,0,1,19.33851045626468,-99.19023597008557
O-3.6.9,COYOACAN,UNIVERSIDAD,0,0,0,0,0,0,0,0,0,0,0,0,3,0,3,0,0,1,0,0,19.33851045626468,-99.19023597008557
O-3.6.9,COYOACAN,UNIVERSIDAD,1,1,0,0,0,3,0,0,0,2,1,0,16,7,16,7,3,5,0,2,19.33851045626468,-99.19023597008557
O-3.6.9,COYOACAN,UNIVERSIDAD,0,0,0,0,0,0,0,0,0,1,0,0,8,1,8,1,1,6,0,1,19.33851045626468,-99.19023597008557
O-3.6.9,COYOACAN,UNIVERSIDAD,0,1,0,0,0,0,0,0,0,2,0,0,22,0,22,0,1,4,0,5,19.33851045626468,-99.19023597008557
O-3.6.9,COYOACAN,UNIVERSIDAD,0,2,0,0,0,0,0,1,0,4,1,1,9,1,9,1,2,4,0,5,19.33851045626468,-99.19023597008557
O-3.6.9,COYOACAN,UNIVERSIDAD,2,2,0,0,0,1,0,0,0,4,1,1,26,3,26,3,4,8,0,6,19.33851045626468,-99.19023597008557
O-3.6.9,COYOACAN,XOTEPINGO,1,0,0,0,0,1,0,0,1,2,5,1,20,1,20,1,2,11,0,3,19.308734112530985,-99.16330285848098
O-3.6.9,COYOACAN,XOTEPINGO,0,0,0,0,0,0,0,0,0,1,0,0,4,4,4,4,4,6,0,4,19.308734112530985,-99.16330285848098
O-3.6.9,COYOACAN,XOTEPINGO,0,1,0,0,0,0,0,0,0,2,0,0,11,3,11,3,3,9,0,3,19.308734112530985,-99.16330285848098
O-3.6.9,COYOACAN,XOTEPINGO,0,0,0,0,0,1,0,0,0,4,1,0,9,0,9,0,0,4,0,1,19.308734112530985,-99.16330285848098
O-3.6.9,COYOACAN,XOTEPINGO,0,0,0,0,0,0,0,0,0,3,0,0,16,3,16,3,2,9,0,2,19.308734112530985,-99.16330285848098
O-3.6.9,COYOACAN,XOTEPINGO,1,0,0,0,0,1,1,0,1,2,0,0,6,5,6,5,2,1,0,2,19.308734112530985,-99.16330285848098
O-3.6.9,COYOACAN,XOTEPINGO,0,0,0,0,0,3,0,0,0,0,0,0,6,1,6,1,1,12,0,5,19.308734112530985,-99.16330285848098
O-3.6.9,COYOACAN,XOTEPINGO,0,0,0,0,0,0,0,0,0,3,0,0,21,6,21,6,4,11,0,4,19.308734112530985,-99.16330285848098
O-3.6.9,COYOACAN,XOTEPINGO,2,2,0,0,0,0,0,0,0,5,0,0,8,5,8,5,1,9,0,2,19.308734112530985,-99.16330285848098
O-3.6.9,COYOACAN,XOTEPINGO,0,0,0,0,0,0,0,0,0,4,3,0,13,0,13,0,1,8,0,0,19.308734112530985,-99.16330285848098
O-3.6.9,COYOACAN,XOTEPINGO,0,1,0,0,0,0,1,2,0,5,0,0,13,4,13,4,2,9,0,4,19.308734112530985,-99.16330285848098
O-3.6.9,CUAJIMALPA,CUAJIMALPA,1,0,0,0,0,1,0,1,0,2,0,1,8,1,8,1,1,10,0,2,19.369943922367955,-99.29420089164847
O-3.6.9,CUAJIMALPA,CUAJIMALPA,0,0,0,0,0,0,0,0,0,3,0,1,6,0,6,0,0,3,0,2,19.369943922367955,-99.29420089164847
O-3.6.9,CUAJIMALPA,CUAJIMALPA,0,0,0,0,0,0,0,0,1,1,0,0,3,0,3,0,1,6,0,4,19.369943922367955,-99.29420089164847
O-3.6.9,CUAJIMALPA,CUAJIMALPA,0,0,0,0,0,0,0,0,0,1,0,0,2,0,2,0,1,5,0,4,19.369943922367955,-99.29420089164847
O-3.6.9,CUAJIMALPA,CUAJIMALPA,1,1,0,0,0,0,0,0,0,2,2,0,11,3,11,3,0,9,0,0,19.369943922367955,-99.29420089164847
O-3.6.9,CUAJIMALPA,CUAJIMALPA,0,0,0,0,0,0,0,0,0,0,0,0,2,0,2,0,0,0,0,1,19.369943922367955,-99.29420089164847
O-3.6.9,CUAJIMALPA,CUAJIMALPA,0,0,0,0,0,0,0,0,0,0,0,0,0,0,0,0,0,2,1,1,19.369943922367955,-99.29420089164847
O-3.6.9,CUAJIMALPA,CUAJIMALPA,0,0,0,0,0,0,0,3,0,1,0,0,1,1,1,1,0,10,0,1,19.369943922367955,-99.29420089164847
O-3.6.9,CUAJIMALPA,EL YAQUI,0,0,0,0,0,0,0,0,0,0,0,0,2,0,2,0,2,6,0,2,19.394245793996234,-99.24624673791422
O-3.6.9,CUAJIMALPA,EL YAQUI,0,0,0,0,0,0,0,0,1,1,0,0,3,3,3,3,1,5,0,0,19.394245793996234,-99.24624673791422
O-3.6.9,CUAJIMALPA,EL YAQUI,0,0,0,0,0,0,1,0,1,3,0,0,3,6,3,6,1,5,0,2,19.394245793996234,-99.24624673791422
O-3.6.9,CUAJIMALPA,EL YAQUI,1,0,0,0,0,0,0,0,0,1,0,1,3,1,3,1,2,8,0,6,19.394245793996234,-99.24624673791422
O-3.6.9,CUAJIMALPA,EL YAQUI,1,0,0,0,0,0,0,0,0,0,0,0,3,0,3,0,0,9,0,2,19.394245793996234,-99.24624673791422
O-3.6.9,CUAJIMALPA,EL YAQUI,0,0,0,0,0,0,0,0,0,2,0,0,2,4,2,4,2,1,0,4,19.394245793996234,-99.24624673791422
O-3.6.9,CUAUHTEMOC,ANGEL-ZONA ROSA,0,1,0,16,0,0,1,0,0,0,0,0,21,24,21,24,0,6,0,9,19.430425150028466,-99.16016307768272
O-3.6.9,CUAUHTEMOC,ANGEL-ZONA ROSA,1,0,0,0,0,0,1,0,0,1,0,1,8,5,8,5,0,5,0,0,19.430425150028466,-99.16016307768272
O-3.6.9,CUAUHTEMOC,ANGEL-ZONA ROSA,0,0,1,6,0,2,1,1,0,0,0,0,4,3,4,3,3,2,0,2,19.430425150028466,-99.16016307768272
O-3.6.9,CUAUHTEMOC,ANGEL-ZONA ROSA,0,0,0,0,0,0,0,0,0,3,0,0,3,2,3,2,0,1,0,0,19.430425150028466,-99.16016307768272
O-3.6.9,CUAUHTEMOC,ANGEL-ZONA ROSA,0,0,0,0,0,0,0,0,0,0,0,0,3,2,3,2,0,6,0,0,19.430425150028466,-99.16016307768272
O-3.6.9,CUAUHTEMOC,ANGEL-ZONA ROSA,0,1,0,0,0,0,2,0,0,0,0,0,2,4,2,4,0,1,0,0,19.430425150028466,-99.16016307768272
O-3.6.9,CUAUHTEMOC,ANGEL-ZONA ROSA,0,0,0,0,0,0,0,0,0,0,0,0,0,2,0,2,0,6,0,0,19.430425150028466,-99.16016307768272
O-3.6.9,CUAUHTEMOC,ANGEL-ZONA ROSA,0,0,0,0,0,0,0,0,0,0,0,0,1,3,1,3,0,0,0,1,19.430425150028466,-99.16016307768272
O-3.6.9,CUAUHTEMOC,ANGEL-ZONA ROSA,0,0,0,0,0,0,0,0,1,1,1,0,2,0,2,0,0,3,0,1,19.430425150028466,-99.16016307768272
O-3.6.9,CUAUHTEMOC,ANGEL-ZONA ROSA,0,0,0,0,0,0,0,1,0,1,0,0,1,0,1,0,0,2,0,1,19.430425150028466,-99.16016307768272
O-3.6.9,CUAUHTEMOC,ANGEL-ZONA ROSA,0,0,0,0,0,0,0,0,0,1,0,1,1,1,1,1,0,3,0,0,19.430425150028466,-99.16016307768272
O-3.6.9,CUAUHTEMOC,ANGEL-ZONA ROSA,0,1,0,0,0,0,6,0,0,0,0,0,6,13,6,13,1,8,0,4,19.430425150028466,-99.16016307768272
O-3.6.9,CUAUHTEMOC,ASTURIAS,1,1,0,0,0,0,0,0,0,3,0,0,8,0,8,0,0,4,0,5,19.423540614399464,-99.13342826272078
O-3.6.9,CUAUHTEMOC,ASTURIAS,2,1,0,0,0,0,0,0,1,0,0,0,8,2,8,2,2,3,0,3,19.423540614399464,-99.13342826272078
O-3.6.9,CUAUHTEMOC,ASTURIAS,0,0,0,1,0,0,0,0,1,2,0,0,8,3,8,3,1,0,0,2,19.423540614399464,-99.13342826272078
O-3.6.9,CUAUHTEMOC,ASTURIAS,1,3,0,0,0,0,0,0,1,2,0,0,6,1,6,1,0,4,0,3,19.423540614399464,-99.13342826272078
O-3.6.9,CUAUHTEMOC,ASTURIAS,2,0,0,0,0,0,0,0,0,1,2,1,9,2,9,2,1,6,0,0,19.423540614399464,-99.13342826272078
O-3.6.9,CUAUHTEMOC,ASTURIAS,5,0,0,0,0,0,0,0,0,2,4,1,9,4,9,4,2,2,0,2,19.423540614399464,-99.13342826272078
O-3.6.9,CUAUHTEMOC,ASTURIAS,0,0,0,19,0,0,0,0,0,0,0,1,8,1,8,1,0,3,0,2,19.423540614399464,-99.13342826272078
O-3.6.9,CUAUHTEMOC,ASTURIAS,0,1,0,1,0,0,1,0,0,6,0,1,11,2,11,2,2,3,0,3,19.423540614399464,-99.13342826272078
O-3.6.9,CUAUHTEMOC,ASTURIAS,1,0,0,9,0,0,0,0,0,0,0,0,8,2,8,2,1,2,0,2,19.423540614399464,-99.13342826272078
O-3.6.9,CUAUHTEMOC,ASTURIAS,0,0,0,9,0,0,2,0,0,1,0,0,6,2,6,2,0,5,0,2,19.423540614399464,-99.13342826272078
O-3.6.9,CUAUHTEMOC,ASTURIAS,0,1,0,2,0,0,0,0,0,4,1,0,8,3,8,3,4,5,0,1,19.423540614399464,-99.13342826272078
O-3.6.9,CUAUHTEMOC,ASTURIAS,2,0,2,26,0,0,0,1,0,2,4,0,10,2,10,2,0,1,0,0,19.423540614399464,-99.13342826272078
O-3.6.9,CUAUHTEMOC,ASTURIAS,0,0,0,0,0,1,0,1,0,5,0,0,9,1,9,1,1,5,0,2,19.423540614399464,-99.13342826272078
O-3.6.9,CUAUHTEMOC,ASTURIAS,2,1,0,0,0,0,0,0,0,1,0,1,5,2,5,2,1,2,0,1,19.423540614399464,-99.13342826272078
O-3.6.9,CUAUHTEMOC,ASTURIAS,3,0,0,3,0,0,0,0,0,3,1,1,9,2,9,2,1,2,0,4,19.423540614399464,-99.13342826272078
O-3.6.9,CUAUHTEMOC,ASTURIAS,0,0,0,1,0,0,0,0,2,1,0,2,12,1,12,1,1,6,0,2,19.423540614399464,-99.13342826272078
O-3.6.9,CUAUHTEMOC,ASTURIAS,3,0,0,0,0,0,1,0,0,5,0,0,23,2,23,2,0,4,0,4,19.423540614399464,-99.13342826272078
O-3.6.9,CUAUHTEMOC,ASTURIAS,1,0,0,1,0,0,0,0,0,5,0,0,7,3,7,3,0,1,0,2,19.423540614399464,-99.13342826272078
O-3.6.9,CUAUHTEMOC,BUENAVISTA,1,1,0,0,0,0,0,1,0,1,1,0,0,1,0,1,1,2,0,2,19.455697207585924,-99.16362616386418
O-3.6.9,CUAUHTEMOC,BUENAVISTA,2,0,1,7,0,0,1,0,0,3,0,0,12,10,12,10,1,7,0,3,19.455697207585924,-99.16362616386418
O-3.6.9,CUAUHTEMOC,BUENAVISTA,2,0,0,0,0,0,0,0,0,3,0,0,8,0,8,0,0,3,0,6,19.455697207585924,-99.16362616386418
O-3.6.9,CUAUHTEMOC,BUENAVISTA,0,1,0,0,0,0,0,0,0,0,0,0,3,2,3,2,0,5,0,1,19.455697207585924,-99.16362616386418
O-3.6.9,CUAUHTEMOC,BUENAVISTA,0,0,0,0,0,0,0,0,0,4,0,0,4,0,4,0,1,1,0,0,19.455697207585924,-99.16362616386418
O-3.6.9,CUAUHTEMOC,BUENAVISTA,2,0,0,25,0,0,0,0,0,0,0,0,12,8,12,8,0,4,0,3,19.455697207585924,-99.16362616386418
O-3.6.9,CUAUHTEMOC,BUENAVISTA,1,0,0,18,0,0,0,0,1,0,2,1,9,2,9,2,0,4,0,2,19.455697207585924,-99.16362616386418
O-3.6.9,CUAUHTEMOC,BUENAVISTA,0,0,0,6,0,0,0,0,0,1,1,0,6,0,6,0,0,1,0,1,19.455697207585924,-99.16362616386418
O-3.6.9,CUAUHTEMOC,BUENAVISTA,1,0,0,0,0,0,0,0,1,0,0,0,7,2,7,2,2,2,0,0,19.455697207585924,-99.16362616386418
O-3.6.9,CUAUHTEMOC,BUENAVISTA,0,2,0,1,0,0,0,0,0,0,0,0,6,4,6,4,0,3,0,1,19.455697207585924,-99.16362616386418
O-3.6.9,CUAUHTEMOC,BUENAVISTA,0,0,0,0,0,0,1,0,2,2,0,2,3,2,3,2,3,5,0,1,19.455697207585924,-99.16362616386418
O-3.6.9,CUAUHTEMOC,BUENAVISTA,0,0,0,4,0,0,0,0,1,1,0,0,3,3,3,3,2,5,0,0,19.455697207585924,-99.16362616386418
O-3.6.9,CUAUHTEMOC,BUENAVISTA,0,0,0,0,0,1,0,1,0,0,0,0,3,1,3,1,0,8,0,3,19.455697207585924,-99.16362616386418
O-3.6.9,CUAUHTEMOC,BUENAVISTA,1,0,0,0,0,0,0,0,0,0,0,0,1,0,1,0,0,3,0,0,19.455697207585924,-99.16362616386418
O-3.6.9,CUAUHTEMOC,BUENAVISTA,1,0,0,12,0,0,3,0,0,4,0,0,13,8,13,8,0,2,0,1,19.455697207585924,-99.16362616386418
O-3.6.9,CUAUHTEMOC,BUENAVISTA,0,0,0,0,0,0,1,1,0,2,0,0,1,3,1,3,1,2,0,1,19.455697207585924,-99.16362616386418
O-3.6.9,CUAUHTEMOC,CORREDOR-CENTRO,0,0,0,15,0,1,0,0,0,7,0,0,25,36,25,36,0,0,0,1,19.43872710348455,-99.13547106511865
O-3.6.9,CUAUHTEMOC,CORREDOR-CENTRO,0,0,0,15,0,0,0,0,0,1,0,7,6,32,6,32,2,1,0,1,19.43872710348455,-99.13547106511865
O-3.6.9,CUAUHTEMOC,CORREDOR-CENTRO,2,2,0,3,0,0,0,0,1,1,1,0,12,9,12,9,0,1,0,6,19.43872710348455,-99.13547106511865
O-3.6.9,CUAUHTEMOC,CORREDOR-CENTRO,2,0,0,3,0,0,0,1,0,4,1,0,22,9,22,9,0,4,0,0,19.43872710348455,-99.13547106511865
O-3.6.9,CUAUHTEMOC,MIXCALCO-HERALDO,1,0,0,1,0,0,1,0,0,3,1,0,12,16,12,16,1,0,0,3,19.443115242512768,-99.12877200926594
O-3.6.9,CUAUHTEMOC,MIXCALCO-HERALDO,0,0,0,1,0,0,0,0,0,0,0,0,4,7,4,7,0,0,1,1,19.443115242512768,-99.12877200926594
O-3.6.9,CUAUHTEMOC,MIXCALCO-HERALDO,1,3,0,0,0,0,0,1,0,2,0,1,12,8,12,8,0,0,0,1,19.443115242512768,-99.12877200926594
O-3.6.9,CUAUHTEMOC,MIXCALCO-HERALDO,0,0,0,0,0,0,0,0,0,0,0,1,4,1,4,1,0,3,0,0,19.443115242512768,-99.12877200926594
O-3.6.9,CUAUHTEMOC,MIXCALCO-HERALDO,0,1,0,0,0,0,1,0,0,2,1,7,21,19,21,19,1,1,0,0,19.443115242512768,-99.12877200926594
O-3.6.9,CUAUHTEMOC,MIXCALCO-HERALDO,0,1,0,0,0,0,1,0,0,1,0,0,22,15,22,15,0,1,0,0,19.443115242512768,-99.12877200926594
O-3.6.9,CUAUHTEMOC,MIXCALCO-HERALDO,0,1,0,43,0,0,1,0,0,1,3,6,29,17,29,17,0,0,0,3,19.443115242512768,-99.12877200926594
O-3.6.9,CUAUHTEMOC,MIXCALCO-HERALDO,0,0,0,9,0,0,0,0,0,1,0,1,9,5,9,5,0,2,0,0,19.443115242512768,-99.12877200926594
O-3.6.9,CUAUHTEMOC,MORELOS,0,0,0,0,0,0,0,0,0,0,1,1,9,4,9,4,1,1,1,2,19.451755208021485,-99.12483797400685
O-3.6.9,CUAUHTEMOC,MORELOS,6,2,0,0,0,1,0,1,0,0,1,1,6,0,6,0,1,3,0,2,19.451755208021485,-99.12483797400685
O-3.6.9,CUAUHTEMOC,MORELOS,0,0,0,1,0,0,0,0,0,0,0,0,4,2,4,2,1,1,0,4,19.451755208021485,-99.12483797400685
O-3.6.9,CUAUHTEMOC,MORELOS,7,0,0,1,0,0,1,0,0,0,0,0,17,4,17,4,0,0,0,1,19.451755208021485,-99.12483797400685
O-3.6.9,CUAUHTEMOC,MORELOS,5,1,0,0,0,0,0,0,1,0,1,0,4,2,4,2,3,2,0,2,19.451755208021485,-99.12483797400685
O-3.6.9,CUAUHTEMOC,REVOLUCION-ALAMEDA,1,0,1,36,0,1,1,0,1,0,0,2,21,13,21,13,1,1,0,0,19.441317163289053,-99.1595401259467
O-3.6.9,CUAUHTEMOC,REVOLUCION-ALAMEDA,1,0,0,8,0,0,0,0,1,0,0,2,9,2,9,2,0,2,0,3,19.441317163289053,-99.1595401259467
O-3.6.9,CUAUHTEMOC,REVOLUCION-ALAMEDA,0,0,1,39,0,0,0,0,0,0,0,0,11,4,11,4,3,0,0,0,19.441317163289053,-99.1595401259467
O-3.6.9,CUAUHTEMOC,REVOLUCION-ALAMEDA,0,0,0,1,0,0,0,0,0,0,0,0,7,4,7,4,1,3,0,1,19.441317163289053,-99.1595401259467
O-3.6.9,CUAUHTEMOC,REVOLUCION-ALAMEDA,1,0,0,4,0,0,0,0,0,1,0,0,20,22,20,22,0,2,0,1,19.441317163289053,-99.1595401259467
O-3.6.9,CUAUHTEMOC,REVOLUCION-ALAMEDA,0,0,0,0,0,0,0,0,0,0,0,0,2,0,2,0,0,4,0,2,19.441317163289053,-99.1595401259467
O-3.6.9,CUAUHTEMOC,REVOLUCION-ALAMEDA,0,0,0,0,0,0,0,0,0,0,0,0,0,1,0,1,0,4,0,2,19.441317163289053,-99.1595401259467
O-3.6.9,CUAUHTEMOC,REVOLUCION-ALAMEDA,1,0,0,0,0,0,0,0,0,1,0,0,3,1,3,1,0,1,0,0,19.441317163289053,-99.1595401259467
O-3.6.9,CUAUHTEMOC,REVOLUCION-ALAMEDA,0,0,0,0,0,0,0,1,0,1,0,0,2,0,2,0,0,2,0,1,19.441317163289053,-99.1595401259467
O-3.6.9,CUAUHTEMOC,REVOLUCION-ALAMEDA,0,0,0,0,1,0,0,0,0,1,0,1,8,4,8,4,0,2,0,3,19.441317163289053,-99.1595401259467
O-3.6.9,CUAUHTEMOC,REVOLUCION-ALAMEDA,2,0,0,12,0,0,0,0,0,0,1,1,14,6,14,6,2,4,0,5,19.441317163289053,-99.1595401259467
O-3.6.9,CUAUHTEMOC,REVOLUCION-ALAMEDA,0,0,0,10,0,0,0,1,0,0,0,0,5,8,5,8,0,3,0,1,19.441317163289053,-99.1595401259467
O-3.6.9,CUAUHTEMOC,REVOLUCION-ALAMEDA,0,0,0,0,0,0,1,0,0,0,1,0,4,0,4,0,0,6,0,1,19.441317163289053,-99.1595401259467
O-3.6.9,CUAUHTEMOC,REVOLUCION-ALAMEDA,1,0,0,3,0,0,0,0,0,0,0,0,4,0,4,0,2,0,0,2,19.441317163289053,-99.1595401259467
O-3.6.9,CUAUHTEMOC,REVOLUCION-ALAMEDA,0,1,1,16,0,0,0,0,0,1,0,0,9,5,9,5,0,2,0,1,19.441317163289053,-99.1595401259467
O-3.6.9,CUAUHTEMOC,ROMA,1,0,0,0,0,0,0,0,0,1,0,0,13,6,13,6,0,7,0,0,19.41713564091299,-99.16493080477474
O-3.6.9,CUAUHTEMOC,ROMA,1,1,0,0,0,0,0,0,0,3,2,0,3,7,3,7,0,7,0,3,19.41713564091299,-99.16493080477474
O-3.6.9,CUAUHTEMOC,ROMA,0,0,0,0,0,0,0,2,1,1,0,0,7,2,7,2,0,3,0,7,19.41713564091299,-99.16493080477474
O-3.6.9,CUAUHTEMOC,ROMA,0,0,1,10,0,0,0,0,1,3,0,0,11,4,11,4,0,2,0,4,19.41713564091299,-99.16493080477474
O-3.6.9,CUAUHTEMOC,ROMA,0,0,1,8,0,0,0,0,1,2,0,0,11,4,11,4,2,10,0,2,19.41713564091299,-99.16493080477474
O-3.6.9,CUAUHTEMOC,ROMA,0,0,0,0,0,0,1,0,0,0,0,0,6,2,6,2,0,2,0,0,19.41713564091299,-99.16493080477474
O-3.6.9,CUAUHTEMOC,ROMA,0,0,0,0,0,0,0,0,0,0,0,0,6,3,6,3,0,2,0,0,19.41713564091299,-99.16493080477474
O-3.6.9,CUAUHTEMOC,ROMA,0,0,0,2,0,0,2,0,0,1,0,0,4,3,4,3,0,3,0,3,19.41713564091299,-99.16493080477474
O-3.6.9,CUAUHTEMOC,ROMA,0,0,0,0,0,0,0,0,0,1,0,0,3,2,3,2,1,1,0,0,19.41713564091299,-99.16493080477474
O-3.6.9,CUAUHTEMOC,ROMA,0,1,0,1,0,0,1,1,0,2,0,0,5,3,5,3,0,4,0,2,19.41713564091299,-99.16493080477474
O-3.6.9,CUAUHTEMOC,ROMA,0,1,0,0,0,0,2,0,0,2,0,0,7,10,7,10,0,5,0,1,19.41713564091299,-99.16493080477474
O-3.6.9,CUAUHTEMOC,ROMA,0,0,0,0,0,0,0,0,0,4,0,0,3,1,3,1,0,6,0,1,19.41713564091299,-99.16493080477474
O-3.6.9,CUAUHTEMOC,ROMA,0,0,0,0,0,0,1,0,0,3,0,0,5,2,5,2,0,16,0,2,19.41713564091299,-99.16493080477474
O-3.6.9,CUAUHTEMOC,ROMA,0,0,0,0,0,1,4,0,0,3,0,1,7,13,7,13,0,6,0,0,19.41713564091299,-99.16493080477474
O-3.6.9,CUAUHTEMOC,ROMA,0,1,0,0,0,0,1,0,0,2,0,0,5,4,5,4,1,5,0,0,19.41713564091299,-99.16493080477474
O-3.6.9,CUAUHTEMOC,TLATELOLCO,2,0,0,0,0,0,1,0,1,0,0,0,5,2,5,2,0,2,0,2,19.459526073302534,-99.16246324163174
O-3.6.9,CUAUHTEMOC,TLATELOLCO,1,0,0,0,0,0,1,0,0,0,0,0,8,3,8,3,0,5,0,2,19.459526073302534,-99.16246324163174
O-3.6.9,CUAUHTEMOC,TLATELOLCO,0,0,0,5,0,0,0,0,0,2,0,0,10,1,10,1,0,5,0,0,19.459526073302534,-99.16246324163174
O-3.6.9,CUAUHTEMOC,TLATELOLCO,0,0,0,0,0,0,0,0,0,0,0,0,3,1,3,1,0,5,0,2,19.459526073302534,-99.16246324163174
O-3.6.9,CUAUHTEMOC,TLATELOLCO,0,0,0,0,0,0,0,0,0,0,1,0,8,0,8,0,1,1,0,0,19.459526073302534,-99.16246324163174
O-3.6.9,CUAUHTEMOC,TLATELOLCO,0,1,0,0,0,1,0,0,0,0,0,0,3,2,3,2,1,0,0,2,19.459526073302534,-99.16246324163174
O-3.6.9,CUAUHTEMOC,TLATELOLCO,4,0,0,0,0,1,0,0,0,3,1,1,12,3,12,3,4,6,0,1,19.459526073302534,-99.16246324163174
O-3.6.9,CUAUHTEMOC,TLATELOLCO,1,0,0,0,0,0,0,1,0,0,1,0,7,0,7,0,0,6,0,0,19.459526073302534,-99.16246324163174
O-3.6.9,CUAUHTEMOC,TLATELOLCO,2,0,0,0,0,0,1,0,0,1,2,0,13,3,13,3,2,6,0,5,19.459526073302534,-99.16246324163174
O-3.6.9,CUAUHTEMOC,TLATELOLCO,1,1,0,0,1,0,0,0,1,1,0,0,7,0,7,0,2,4,0,1,19.459526073302534,-99.16246324163174
O-3.6.9,CUAUHTEMOC,TLATELOLCO,1,0,0,0,0,1,0,0,1,3,1,0,10,1,10,1,3,4,0,1,19.459526073302534,-99.16246324163174
O-3.6.9,CUAUHTEMOC,TLATELOLCO,3,0,0,0,0,1,0,0,0,2,0,0,7,3,7,3,2,5,0,5,19.459526073302534,-99.16246324163174
O-3.6.9,GUSTAVO A MADERO,ARAGON,4,3,0,0,0,0,1,0,0,8,6,1,20,5,20,5,4,9,0,3,19.471598578144704,-99.07074510275456
O-3.6.9,GUSTAVO A MADERO,ARAGON,3,0,0,0,0,0,0,2,2,1,3,0,19,0,19,0,1,2,0,1,19.471598578144704,-99.07074510275456
O-3.6.9,GUSTAVO A MADERO,ARAGON,0,0,0,0,1,0,1,1,0,6,2,0,8,1,8,1,4,4,0,1,19.471598578144704,-99.07074510275456
O-3.6.9,GUSTAVO A MADERO,ARAGON,1,0,0,5,0,0,0,0,0,2,1,0,14,1,14,1,2,4,0,0,19.471598578144704,-99.07074510275456
O-3.6.9,GUSTAVO A MADERO,ARAGON,2,0,0,0,0,0,0,0,0,3,1,0,18,2,18,2,1,4,0,0,19.471598578144704,-99.07074510275456
O-3.6.9,GUSTAVO A MADERO,ARAGON,1,0,0,1,0,1,0,3,1,3,0,0,10,0,10,0,7,4,0,1,19.471598578144704,-99.07074510275456
O-3.6.9,GUSTAVO A MADERO,ARAGON,1,0,0,3,1,0,0,1,0,1,1,1,14,2,14,2,2,5,0,3,19.471598578144704,-99.07074510275456
O-3.6.9,GUSTAVO A MADERO,ARAGON,1,1,0,7,2,0,0,0,0,1,0,1,6,1,6,1,6,3,0,2,19.471598578144704,-99.07074510275456
O-3.6.9,GUSTAVO A MADERO,ARAGON,2,2,1,0,0,0,0,1,0,7,2,1,19,4,19,4,3,24,0,1,19.471598578144704,-99.07074510275456
O-3.6.9,GUSTAVO A MADERO,CUAUTEPEC,1,0,0,0,1,0,0,0,0,0,0,0,5,0,5,0,1,1,0,2,19.57251916916351,-99.13555584170135
O-3.6.9,GUSTAVO A MADERO,CUAUTEPEC,0,0,0,0,0,0,0,0,0,0,0,0,2,0,2,0,1,3,0,1,19.57251916916351,-99.13555584170135
O-3.6.9,GUSTAVO A MADERO,CUAUTEPEC,1,0,0,0,1,0,0,1,0,2,0,0,2,0,2,0,1,9,0,0,19.57251916916351,-99.13555584170135
O-3.6.9,GUSTAVO A MADERO,CUAUTEPEC,1,0,0,0,0,0,0,0,1,0,0,0,3,1,3,1,3,2,0,0,19.57251916916351,-99.13555584170135
O-3.6.9,GUSTAVO A MADERO,CUAUTEPEC,2,0,0,0,0,0,0,0,0,3,1,0,5,2,5,2,0,11,0,1,19.57251916916351,-99.13555584170135
O-3.6.9,GUSTAVO A MADERO,CUAUTEPEC,0,0,0,0,0,0,0,0,0,0,0,0,2,0,2,0,11,2,0,1,19.57251916916351,-99.13555584170135
O-3.6.9,GUSTAVO A MADERO,CUAUTEPEC,0,1,0,0,0,0,0,2,0,1,0,0,5,0,5,0,10,4,0,1,19.57251916916351,-99.13555584170135
O-3.6.9,GUSTAVO A MADERO,CUAUTEPEC,2,1,0,0,0,0,0,0,0,4,2,0,6,1,6,1,4,12,0,9,19.57251916916351,-99.13555584170135
O-3.6.9,GUSTAVO A MADERO,CUAUTEPEC,1,0,0,0,1,0,1,0,0,1,2,0,6,2,6,2,1,10,0,1,19.57251916916351,-99.13555584170135
O-3.6.9,GUSTAVO A MADERO,CUAUTEPEC,7,0,0,0,0,0,0,1,0,1,1,0,10,2,10,2,14,8,0,4,19.57251916916351,-99.13555584170135
O-3.6.9,GUSTAVO A MADERO,CUAUTEPEC,7,1,0,1,0,0,0,2,0,0,0,0,1,0,1,0,7,1,0,3,19.57251916916351,-99.13555584170135
O-3.6.9,GUSTAVO A MADERO,CUAUTEPEC,2,0,0,0,0,0,0,0,0,2,1,1,5,0,5,0,1,7,0,1,19.57251916916351,-99.13555584170135
O-3.6.9,GUSTAVO A MADERO,CUAUTEPEC,4,1,0,0,1,0,0,1,1,2,1,0,4,0,4,0,0,5,0,3,19.57251916916351,-99.13555584170135
O-3.6.9,GUSTAVO A MADERO,CUAUTEPEC,0,0,0,0,1,0,0,1,1,1,2,0,5,0,5,0,5,3,0,2,19.57251916916351,-99.13555584170135
O-3.6.9,GUSTAVO A MADERO,CUAUTEPEC,2,1,0,0,0,0,0,0,0,1,4,0,5,0,5,0,4,5,0,0,19.57251916916351,-99.13555584170135
O-3.6.9,GUSTAVO A MADERO,CUAUTEPEC,1,0,0,0,0,0,0,0,0,0,3,0,0,0,0,0,3,8,0,1,19.57251916916351,-99.13555584170135
O-3.6.9,GUSTAVO A MADERO,CUAUTEPEC,2,1,0,0,0,0,0,0,0,0,1,0,5,0,5,0,2,5,0,0,19.57251916916351,-99.13555584170135
O-3.6.9,GUSTAVO A MADERO,CUAUTEPEC,2,1,0,0,0,0,0,0,1,3,0,1,13,4,13,4,4,15,0,7,19.57251916916351,-99.13555584170135
O-3.6.9,GUSTAVO A MADERO,CUAUTEPEC,1,0,0,0,0,0,0,0,0,1,0,0,3,0,3,0,1,3,0,0,19.57251916916351,-99.13555584170135
O-3.6.9,GUSTAVO A MADERO,CUAUTEPEC,2,0,0,0,1,0,0,1,0,1,1,0,7,0,7,0,5,11,0,1,19.57251916916351,-99.13555584170135
O-3.6.9,GUSTAVO A MADERO,CUAUTEPEC,0,0,0,0,0,0,0,0,0,1,2,0,5,2,5,2,0,4,0,1,19.57251916916351,-99.13555584170135
O-3.6.9,GUSTAVO A MADERO,CUCHILLA,0,4,0,1,0,0,0,0,2,7,0,1,6,0,6,0,1,5,0,2,19.475373277938235,-99.11136503125437
O-3.6.9,GUSTAVO A MADERO,CUCHILLA,0,0,0,0,0,0,1,1,1,2,1,1,5,0,5,0,2,0,0,0,19.475373277938235,-99.11136503125437
O-3.6.9,GUSTAVO A MADERO,CUCHILLA,1,0,0,3,0,0,0,0,0,5,2,0,12,3,12,3,7,6,0,2,19.475373277938235,-99.11136503125437
O-3.6.9,GUSTAVO A MADERO,CUCHILLA,1,1,0,1,1,0,0,0,0,5,3,2,9,1,9,1,1,6,0,1,19.475373277938235,-99.11136503125437
O-3.6.9,GUSTAVO A MADERO,CUCHILLA,0,1,0,0,0,0,0,0,0,4,1,0,8,1,8,1,3,5,0,0,19.475373277938235,-99.11136503125437
O-3.6.9,GUSTAVO A MADERO,CUCHILLA,1,0,0,0,0,0,0,0,0,1,0,0,11,1,11,1,2,12,0,0,19.475373277938235,-99.11136503125437
O-3.6.9,GUSTAVO A MADERO,CUCHILLA,0,2,0,0,0,0,0,1,0,8,2,1,14,1,14,1,1,10,0,3,19.475373277938235,-99.11136503125437
O-3.6.9,GUSTAVO A MADERO,CUCHILLA,3,1,0,0,0,0,0,0,1,11,1,0,13,2,13,2,2,8,0,1,19.475373277938235,-99.11136503125437
O-3.6.9,GUSTAVO A MADERO,LINDAVISTA,4,1,0,0,2,2,1,2,0,7,0,0,10,1,10,1,12,10,0,2,19.491819942122685,-99.15288563325909
O-3.6.9,GUSTAVO A MADERO,LINDAVISTA,0,0,0,1,0,0,0,0,0,3,0,0,7,0,7,0,1,5,0,1,19.491819942122685,-99.15288563325909
O-3.6.9,GUSTAVO A MADERO,LINDAVISTA,0,0,0,0,0,0,0,0,0,2,0,0,2,1,2,1,1,5,0,1,19.491819942122685,-99.15288563325909
O-3.6.9,GUSTAVO A MADERO,LINDAVISTA,0,1,0,3,1,0,0,0,0,9,0,0,2,0,2,0,2,5,0,1,19.491819942122685,-99.15288563325909
O-3.6.9,GUSTAVO A MADERO,LINDAVISTA,1,0,0,6,0,0,0,0,0,1,1,0,14,1,14,1,3,1,0,0,19.491819942122685,-99.15288563325909
O-3.6.9,GUSTAVO A MADERO,LINDAVISTA,3,0,0,0,0,0,0,0,0,3,0,0,4,2,4,2,0,6,0,1,19.491819942122685,-99.15288563325909
O-3.6.9,GUSTAVO A MADERO,LINDAVISTA,5,1,0,0,0,0,0,0,0,3,2,0,12,3,12,3,1,5,0,3,19.491819942122685,-99.15288563325909
O-3.6.9,GUSTAVO A MADERO,LINDAVISTA,0,0,0,1,1,0,0,1,0,3,1,0,3,2,3,2,4,1,0,2,19.491819942122685,-99.15288563325909
O-3.6.9,GUSTAVO A MADERO,LINDAVISTA,1,0,0,0,1,0,0,0,0,2,0,0,11,1,11,1,1,5,0,0,19.491819942122685,-99.15288563325909
O-3.6.9,GUSTAVO A MADERO,LINDAVISTA,0,0,3,28,1,1,0,0,0,1,0,0,22,16,22,16,1,1,0,0,19.491819942122685,-99.15288563325909
O-3.6.9,GUSTAVO A MADERO,LINDAVISTA,0,0,0,1,0,0,1,0,0,0,0,0,7,1,7,1,1,8,0,0,19.491819942122685,-99.15288563325909
O-3.6.9,GUSTAVO A MADERO,LINDAVISTA,0,0,0,0,0,0,0,1,0,0,0,0,6,2,6,2,1,4,0,1,19.491819942122685,-99.15288563325909
O-3.6.9,GUSTAVO A MADERO,LINDAVISTA,0,0,0,0,0,0,0,1,0,1,0,0,6,2,6,2,1,2,0,0,19.491819942122685,-99.15288563325909
O-3.6.9,GUSTAVO A MADERO,LINDAVISTA,0,0,0,0,0,0,0,0,1,2,0,0,7,2,7,2,1,5,0,1,19.491819942122685,-99.15288563325909
O-3.6.9,GUSTAVO A MADERO,LINDAVISTA,0,0,0,7,0,0,0,0,1,3,0,0,4,2,4,2,0,3,0,0,19.491819942122685,-99.15288563325909
O-3.6.9,GUSTAVO A MADERO,LINDAVISTA,0,0,0,3,1,0,0,0,1,8,2,1,29,4,29,4,2,10,0,2,19.491819942122685,-99.15288563325909
O-3.6.9,GUSTAVO A MADERO,LINDAVISTA,1,1,0,2,0,0,1,0,0,4,3,0,15,4,15,4,7,1,0,1,19.491819942122685,-99.15288563325909
O-3.6.9,GUSTAVO A MADERO,PRADERA,0,0,0,0,0,0,0,1,0,2,0,1,8,1,8,1,3,13,0,3,19.478834648979475,-99.09783184721178
O-3.6.9,GUSTAVO A MADERO,PRADERA,1,2,0,0,0,0,0,0,0,1,0,0,14,0,14,0,1,7,0,1,19.478834648979475,-99.09783184721178
O-3.6.9,GUSTAVO A MADERO,PRADERA,1,0,0,0,0,0,1,1,0,6,1,1,11,0,11,0,3,17,0,2,19.478834648979475,-99.09783184721178
O-3.6.9,GUSTAVO A MADERO,PRADERA,0,1,0,0,1,0,0,0,1,1,3,0,5,0,5,0,2,2,0,4,19.478834648979475,-99.09783184721178
O-3.6.9,GUSTAVO A MADERO,PRADERA,1,1,0,0,0,0,0,0,0,2,8,0,8,1,8,1,5,8,0,2,19.478834648979475,-99.09783184721178
O-3.6.9,GUSTAVO A MADERO,PRADERA,3,0,0,0,0,0,0,0,0,1,0,0,1,2,1,2,1,3,0,0,19.478834648979475,-99.09783184721178
O-3.6.9,GUSTAVO A MADERO,PRADERA,5,3,0,0,0,0,0,2,0,0,6,0,18,1,18,1,8,10,0,3,19.478834648979475,-99.09783184721178
O-3.6.9,GUSTAVO A MADERO,PRADERA,5,0,0,0,1,0,1,2,0,4,1,0,10,3,10,3,12,13,0,3,19.478834648979475,-99.09783184721178
O-3.6.9,GUSTAVO A MADERO,PRADERA,1,1,0,0,1,0,0,0,1,6,5,0,22,0,22,0,2,14,0,5,19.478834648979475,-99.09783184721178
O-3.6.9,GUSTAVO A MADERO,PRADERA,2,1,0,0,0,0,0,0,1,5,3,0,15,1,15,1,3,15,0,4,19.478834648979475,-99.09783184721178
O-3.6.9,GUSTAVO A MADERO,PRADERA,0,2,0,0,0,0,0,1,1,11,3,0,23,6,23,6,2,9,0,2,19.478834648979475,-99.09783184721178
O-3.6.9,GUSTAVO A MADERO,QUIROGA,0,1,0,0,2,0,0,0,0,5,1,0,3,1,3,1,0,7,0,0,19.512845131680972,-99.09641227307603
O-3.6.9,GUSTAVO A MADERO,QUIROGA,2,0,0,0,2,3,1,1,0,2,2,1,20,2,20,2,3,4,0,2,19.512845131680972,-99.09641227307603
O-3.6.9,GUSTAVO A MADERO,QUIROGA,0,0,0,0,0,0,0,0,0,6,2,0,9,0,9,0,2,7,0,0,19.512845131680972,-99.09641227307603
O-3.6.9,GUSTAVO A MADERO,QUIROGA,3,0,0,0,3,0,0,1,0,6,5,0,10,0,10,0,3,1,0,2,19.512845131680972,-99.09641227307603
O-3.6.9,GUSTAVO A MADERO,QUIROGA,1,1,0,0,1,0,0,0,0,2,3,1,14,1,14,1,0,6,0,6,19.512845131680972,-99.09641227307603
O-3.6.9,GUSTAVO A MADERO,QUIROGA,1,1,0,0,1,0,1,0,1,5,1,1,10,3,10,3,3,6,0,4,19.512845131680972,-99.09641227307603
O-3.6.9,GUSTAVO A MADERO,QUIROGA,7,0,0,4,7,1,1,1,0,3,6,0,26,1,26,1,4,8,0,5,19.512845131680972,-99.09641227307603
O-3.6.9,GUSTAVO A MADERO,QUIROGA,0,2,0,0,0,0,0,0,1,2,1,1,21,8,21,8,1,3,0,0,19.512845131680972,-99.09641227307603
O-3.6.9,GUSTAVO A MADERO,QUIROGA,3,0,0,1,4,0,1,0,0,3,1,0,30,7,30,7,4,7,0,2,19.512845131680972,-99.09641227307603
O-3.6.9,GUSTAVO A MADERO,QUIROGA,0,0,0,0,1,0,0,0,0,6,0,0,5,1,5,1,3,1,0,2,19.512845131680972,-99.09641227307603
O-3.6.9,GUSTAVO A MADERO,TEPEYAC,0,0,0,3,1,0,0,0,2,1,3,0,17,8,17,8,1,12,0,3,19.47917145380869,-99.11931995758101
O-3.6.9,GUSTAVO A MADERO,TEPEYAC,0,0,0,4,0,1,0,0,3,2,2,0,13,2,13,2,1,5,0,1,19.47917145380869,-99.11931995758101
O-3.6.9,GUSTAVO A MADERO,TEPEYAC,0,0,0,0,0,0,0,1,0,13,0,0,15,2,15,2,0,8,0,1,19.47917145380869,-99.11931995758101
O-3.6.9,GUSTAVO A MADERO,TEPEYAC,0,1,0,0,0,0,0,1,0,5,0,3,14,1,14,1,1,11,0,1,19.47917145380869,-99.11931995758101
O-3.6.9,GUSTAVO A MADERO,TEPEYAC,1,0,0,1,0,0,0,0,1,3,0,0,9,1,9,1,0,5,0,1,19.47917145380869,-99.11931995758101
O-3.6.9,GUSTAVO A MADERO,TEPEYAC,0,1,0,0,0,1,0,0,1,0,0,0,0,1,0,1,1,10,0,0,19.47917145380869,-99.11931995758101
O-3.6.9,GUSTAVO A MADERO,TEPEYAC,0,0,0,0,2,1,0,0,0,9,0,0,14,1,14,1,4,16,0,3,19.47917145380869,-99.11931995758101
O-3.6.9,GUSTAVO A MADERO,TEPEYAC,1,1,0,8,1,0,1,0,0,3,3,0,13,1,13,1,3,3,0,3,19.47917145380869,-99.11931995758101
O-3.6.9,GUSTAVO A MADERO,TEPEYAC,0,0,0,1,0,0,3,1,0,4,2,0,6,2,6,2,1,3,0,0,19.47917145380869,-99.11931995758101
O-3.6.9,GUSTAVO A MADERO,TICOMAN,0,0,0,0,0,0,0,0,0,9,0,0,6,0,6,0,8,5,0,3,19.518591780901506,-99.16332381715233
O-3.6.9,GUSTAVO A MADERO,TICOMAN,2,0,0,0,2,0,1,0,0,3,0,0,5,2,5,2,6,7,0,3,19.518591780901506,-99.16332381715233
O-3.6.9,GUSTAVO A MADERO,TICOMAN,2,0,0,0,0,0,0,0,0,7,1,1,8,1,8,1,12,3,0,2,19.518591780901506,-99.16332381715233
O-3.6.9,GUSTAVO A MADERO,TICOMAN,6,1,0,0,0,0,0,0,0,0,3,0,10,1,10,1,6,4,0,1,19.518591780901506,-99.16332381715233
O-3.6.9,GUSTAVO A MADERO,TICOMAN,0,0,0,0,0,0,1,0,0,2,0,0,2,2,2,2,1,4,0,0,19.518591780901506,-99.16332381715233
O-3.6.9,GUSTAVO A MADERO,TICOMAN,1,0,0,0,0,0,0,0,1,2,3,2,6,2,6,2,2,4,0,2,19.518591780901506,-99.16332381715233
O-3.6.9,GUSTAVO A MADERO,TICOMAN,2,0,0,0,1,0,0,0,1,3,3,0,17,2,17,2,11,9,0,4,19.518591780901506,-99.16332381715233
O-3.6.9,GUSTAVO A MADERO,TICOMAN,2,0,0,0,0,0,0,1,0,2,2,0,5,0,5,0,1,2,0,4,19.518591780901506,-99.16332381715233
O-3.6.9,GUSTAVO A MADERO,TICOMAN,1,0,0,0,0,0,1,0,0,0,1,0,6,0,6,0,2,4,0,0,19.518591780901506,-99.16332381715233
O-3.6.9,GUSTAVO A MADERO,TICOMAN,1,0,0,0,0,0,0,0,0,1,1,0,9,1,9,1,4,6,0,2,19.518591780901506,-99.16332381715233
O-3.6.9,GUSTAVO A MADERO,TICOMAN,0,0,0,0,0,0,0,0,0,3,0,0,5,2,5,2,4,4,0,1,19.518591780901506,-99.16332381715233
O-3.6.9,GUSTAVO A MADERO,TICOMAN,0,0,0,3,0,0,0,0,1,4,3,0,8,2,8,2,1,9,0,1,19.518591780901506,-99.16332381715233
O-3.6.9,GUSTAVO A MADERO,TICOMAN,0,0,0,0,0,0,0,0,1,3,0,1,7,0,7,0,2,3,0,1,19.518591780901506,-99.16332381715233
O-3.6.9,IZTACALCO,IZTACCIHUATL,2,0,0,4,0,0,0,0,0,3,1,0,22,2,22,2,7,3,0,2,19.40332465437335,-99.13652115473523
O-3.6.9,IZTACALCO,IZTACCIHUATL,1,3,0,0,2,2,1,0,0,5,1,0,14,2,14,2,1,5,0,0,19.40332465437335,-99.13652115473523
O-3.6.9,IZTACALCO,IZTACCIHUATL,1,0,0,0,0,0,0,2,0,1,0,0,7,4,7,4,0,2,0,0,19.40332465437335,-99.13652115473523
O-3.6.9,IZTACALCO,IZTACCIHUATL,0,0,0,0,1,0,0,1,0,1,0,0,7,2,7,2,0,1,0,0,19.40332465437335,-99.13652115473523
O-3.6.9,IZTACALCO,IZTACCIHUATL,0,0,0,0,1,0,0,1,0,2,0,0,6,2,6,2,0,1,0,0,19.40332465437335,-99.13652115473523
O-3.6.9,IZTACALCO,IZTACCIHUATL,1,1,1,1,0,0,0,1,1,5,2,0,24,7,24,7,5,11,0,0,19.40332465437335,-99.13652115473523
O-3.6.9,IZTACALCO,IZTACCIHUATL,0,1,0,0,4,0,0,0,2,6,5,1,10,6,10,6,2,4,0,2,19.40332465437335,-99.13652115473523
O-3.6.9,IZTACALCO,IZTACCIHUATL,1,1,0,1,6,0,0,1,1,4,5,1,21,2,21,2,1,9,0,0,19.40332465437335,-99.13652115473523
O-3.6.9,IZTACALCO,IZTACCIHUATL,5,2,0,0,0,0,0,0,0,1,12,1,17,1,17,1,2,9,0,2,19.40332465437335,-99.13652115473523
O-3.6.9,IZTACALCO,PANTITLAN,1,0,1,35,1,2,0,1,0,3,1,0,13,4,13,4,2,5,0,3,19.401056645040367,-99.06397163871789
O-3.6.9,IZTACALCO,PANTITLAN,0,0,0,2,3,2,0,0,0,8,0,0,8,2,8,2,0,2,0,2,19.401056645040367,-99.06397163871789
O-3.6.9,IZTACALCO,PANTITLAN,0,1,0,0,0,0,1,0,1,1,1,1,12,1,12,1,3,10,0,2,19.401056645040367,-99.06397163871789
O-3.6.9,IZTACALCO,PANTITLAN,1,1,0,0,0,1,0,1,0,6,1,0,13,2,13,2,1,9,0,2,19.401056645040367,-99.06397163871789
O-3.6.9,IZTACALCO,PANTITLAN,1,1,0,0,0,0,0,0,0,1,2,1,7,2,7,2,2,6,0,1,19.401056645040367,-99.06397163871789
O-3.6.9,IZTACALCO,PANTITLAN,1,0,0,0,0,1,0,0,0,3,2,1,4,1,4,1,1,10,0,1,19.401056645040367,-99.06397163871789
O-3.6.9,IZTACALCO,PANTITLAN,1,2,0,0,0,0,0,1,0,3,1,0,3,2,3,2,1,11,0,0,19.401056645040367,-99.06397163871789
O-3.6.9,IZTACALCO,PANTITLAN,0,0,0,0,1,0,0,0,1,8,1,4,5,3,5,3,1,8,0,2,19.401056645040367,-99.06397163871789
O-3.6.9,IZTACALCO,PANTITLAN,2,1,0,0,3,1,0,0,1,12,0,2,8,1,8,1,3,5,0,0,19.401056645040367,-99.06397163871789
O-3.6.9,IZTACALCO,PANTITLAN,1,0,0,1,2,1,1,0,0,0,0,0,7,2,7,2,1,4,0,2,19.401056645040367,-99.06397163871789
O-3.6.9,IZTACALCO,PANTITLAN,1,1,0,5,5,1,0,0,1,4,1,1,9,3,9,3,2,9,0,0,19.401056645040367,-99.06397163871789
O-3.6.9,IZTACALCO,PANTITLAN,0,0,0,0,2,0,0,2,2,4,0,1,9,1,9,1,6,6,0,1,19.401056645040367,-99.06397163871789
O-3.6.9,IZTACALCO,PANTITLAN,2,1,1,2,3,2,0,0,0,6,4,10,12,4,12,4,1,3,0,0,19.401056645040367,-99.06397163871789
O-3.6.9,IZTACALCO,PANTITLAN,0,1,0,0,1,0,0,1,0,1,2,0,6,0,6,0,1,3,0,0,19.401056645040367,-99.06397163871789
O-3.6.9,IZTACALCO,PANTITLAN,0,0,0,0,2,0,0,0,1,1,2,1,8,2,8,2,2,11,0,2,19.401056645040367,-99.06397163871789
O-3.6.9,IZTACALCO,PANTITLAN,1,0,0,0,3,0,1,0,0,5,1,0,4,2,4,2,4,12,0,1,19.401056645040367,-99.06397163871789
O-3.6.9,IZTACALCO,TLACOTAL,0,0,1,1,0,0,0,0,1,6,2,1,11,8,11,8,2,7,0,3,19.396770907192426,-99.09877507082975
O-3.6.9,IZTACALCO,TLACOTAL,0,2,0,0,1,0,0,1,0,3,3,0,19,3,19,3,3,8,0,4,19.396770907192426,-99.09877507082975
O-3.6.9,IZTACALCO,TLACOTAL,1,0,0,0,1,0,1,0,0,4,2,2,18,5,18,5,3,4,0,1,19.396770907192426,-99.09877507082975
O-3.6.9,IZTACALCO,TLACOTAL,0,1,0,0,2,0,0,2,1,4,2,0,7,0,7,0,2,4,0,2,19.396770907192426,-99.09877507082975
O-3.6.9,IZTACALCO,TLACOTAL,0,0,0,0,0,0,1,0,2,0,0,0,7,1,7,1,0,2,0,0,19.396770907192426,-99.09877507082975
O-3.6.9,IZTACALCO,TLACOTAL,0,0,2,7,0,0,0,0,0,3,0,0,15,13,15,13,4,6,0,2,19.396770907192426,-99.09877507082975
O-3.6.9,IZTACALCO,TLACOTAL,1,0,0,0,0,0,1,0,0,8,3,1,12,5,12,5,0,6,0,2,19.396770907192426,-99.09877507082975
O-3.6.9,IZTACALCO,TLACOTAL,1,2,0,0,1,0,1,0,1,3,1,0,23,5,23,5,4,12,0,3,19.396770907192426,-99.09877507082975
O-3.6.9,IZTACALCO,TLACOTAL,1,1,0,0,2,0,0,1,0,4,3,0,23,2,23,2,1,9,0,3,19.396770907192426,-99.09877507082975
O-3.6.9,IZTACALCO,TLACOTAL,3,3,1,3,2,0,0,0,0,4,2,1,22,2,22,2,2,7,0,0,19.396770907192426,-99.09877507082975
O-3.6.9,IZTACALCO,TLACOTAL,0,0,0,0,4,0,0,0,0,0,1,0,10,1,10,1,0,4,0,5,19.396770907192426,-99.09877507082975
O-3.6.9,IZTACALCO,TLACOTAL,0,1,0,0,2,0,1,0,0,1,2,0,10,1,10,1,2,4,0,0,19.396770907192426,-99.09877507082975
O-3.6.9,IZTAPALAPA,ABASTO-REFORMA,1,0,0,0,0,0,0,0,1,0,2,1,1,1,1,1,1,2,0,0,19.3521206387211,-99.0626836895763
O-3.6.9,IZTAPALAPA,ABASTO-REFORMA,3,0,0,0,0,0,1,0,0,3,1,6,4,4,4,4,1,2,0,1,19.3521206387211,-99.0626836895763
O-3.6.9,IZTAPALAPA,ABASTO-REFORMA,0,0,0,0,0,0,0,0,0,2,0,1,3,0,3,0,0,2,0,0,19.3521206387211,-99.0626836895763
O-3.6.9,IZTAPALAPA,ABASTO-REFORMA,1,0,0,0,0,0,0,0,0,1,2,5,4,1,4,1,0,7,0,0,19.3521206387211,-99.0626836895763
O-3.6.9,IZTAPALAPA,ABASTO-REFORMA,0,0,0,0,1,1,0,3,3,4,2,0,8,1,8,1,0,7,0,1,19.3521206387211,-99.0626836895763
O-3.6.9,IZTAPALAPA,ABASTO-REFORMA,2,0,0,2,4,2,0,0,1,3,0,2,12,4,12,4,4,12,1,2,19.3521206387211,-99.0626836895763
O-3.6.9,IZTAPALAPA,ABASTO-REFORMA,0,0,0,3,1,1,0,0,3,2,2,0,10,0,10,0,2,3,0,1,19.3521206387211,-99.0626836895763
O-3.6.9,IZTAPALAPA,ABASTO-REFORMA,1,0,0,1,2,0,0,0,0,3,1,1,9,2,9,2,2,5,0,1,19.3521206387211,-99.0626836895763
O-3.6.9,IZTAPALAPA,ABASTO-REFORMA,4,1,0,0,2,1,0,0,0,7,3,0,13,1,13,1,0,3,0,3,19.3521206387211,-99.0626836895763
O-3.6.9,IZTAPALAPA,ABASTO-REFORMA,2,1,0,1,1,4,1,1,0,15,8,1,23,4,23,4,4,9,0,4,19.3521206387211,-99.0626836895763
O-3.6.9,IZTAPALAPA,ABASTO-REFORMA,3,0,0,0,0,1,0,1,1,5,1,0,7,1,7,1,4,6,0,1,19.3521206387211,-99.0626836895763
O-3.6.9,IZTAPALAPA,ABASTO-REFORMA,0,0,0,0,0,0,0,0,0,4,3,1,19,1,19,1,2,6,0,5,19.3521206387211,-99.0626836895763
O-3.6.9,IZTAPALAPA,ABASTO-REFORMA,1,1,0,0,1,0,0,1,2,5,0,0,10,4,10,4,3,15,0,3,19.3521206387211,-99.0626836895763
O-3.6.9,IZTAPALAPA,ABASTO-REFORMA,0,1,0,0,0,0,2,0,2,7,2,5,14,1,14,1,5,3,0,0,19.3521206387211,-99.0626836895763
O-3.6.9,IZTAPALAPA,ABASTO-REFORMA,0,0,0,0,0,0,0,0,5,7,0,0,4,1,4,1,1,11,0,1,19.3521206387211,-99.0626836895763
O-3.6.9,IZTAPALAPA,ABASTO-REFORMA,0,0,0,0,2,0,0,1,3,4,3,0,13,2,13,2,1,10,0,1,19.3521206387211,-99.0626836895763
O-3.6.9,IZTAPALAPA,ABASTO-REFORMA,1,0,0,0,2,0,0,0,0,3,1,0,5,0,5,0,0,4,0,0,19.3521206387211,-99.0626836895763
O-3.6.9,IZTAPALAPA,ABASTO-REFORMA,2,0,0,0,0,1,0,0,1,3,2,0,12,0,12,0,4,3,0,1,19.3521206387211,-99.0626836895763
O-3.6.9,IZTAPALAPA,ABASTO-REFORMA,0,0,0,0,1,0,0,1,0,1,3,0,8,3,8,3,4,3,0,0,19.3521206387211,-99.0626836895763
O-3.6.9,IZTAPALAPA,ABASTO-REFORMA,0,0,0,0,0,0,0,1,0,4,2,0,7,3,7,3,1,5,0,1,19.3521206387211,-99.0626836895763
O-3.6.9,IZTAPALAPA,ABASTO-REFORMA,0,0,0,0,0,2,1,1,0,4,4,0,8,0,8,0,3,6,0,1,19.3521206387211,-99.0626836895763
O-3.6.9,IZTAPALAPA,ABASTO-REFORMA,0,0,0,1,1,0,0,0,0,4,0,0,13,0,13,0,4,8,0,0,19.3521206387211,-99.0626836895763
O-3.6.9,IZTAPALAPA,CHURUBUSCO,1,1,0,0,1,0,0,1,1,1,0,0,9,2,9,2,4,5,0,0,19.370697929401892,-99.12731914399288
O-3.6.9,IZTAPALAPA,CHURUBUSCO,0,1,0,0,0,0,0,1,0,6,0,0,7,0,7,0,3,4,0,0,19.370697929401892,-99.12731914399288
O-3.6.9,IZTAPALAPA,CHURUBUSCO,0,0,0,0,0,0,1,0,0,2,0,0,1,1,1,1,0,3,0,0,19.370697929401892,-99.12731914399288
O-3.6.9,IZTAPALAPA,CHURUBUSCO,0,0,0,0,0,0,0,1,1,4,1,0,1,3,1,3,1,4,0,1,19.370697929401892,-99.12731914399288
O-3.6.9,IZTAPALAPA,CHURUBUSCO,0,0,0,0,0,0,0,0,0,3,0,0,6,2,6,2,3,1,0,2,19.370697929401892,-99.12731914399288
O-3.6.9,IZTAPALAPA,CHURUBUSCO,0,0,0,1,0,0,0,1,0,2,0,0,8,1,8,1,2,3,0,2,19.370697929401892,-99.12731914399288
O-3.6.9,IZTAPALAPA,CHURUBUSCO,0,0,0,0,0,1,0,0,2,0,1,0,1,1,1,1,2,7,0,1,19.370697929401892,-99.12731914399288
O-3.6.9,IZTAPALAPA,CHURUBUSCO,1,0,0,1,0,0,0,0,0,1,3,0,6,1,6,1,1,11,0,2,19.370697929401892,-99.12731914399288
O-3.6.9,IZTAPALAPA,CHURUBUSCO,2,1,0,0,0,0,0,0,0,0,0,0,1,1,1,1,0,5,0,1,19.370697929401892,-99.12731914399288
O-3.6.9,IZTAPALAPA,CHURUBUSCO,0,0,0,0,1,0,0,1,0,4,2,0,5,2,5,2,0,3,0,1,19.370697929401892,-99.12731914399288
O-3.6.9,IZTAPALAPA,CHURUBUSCO,0,0,0,0,0,0,1,0,1,0,0,0,6,1,6,1,6,4,0,3,19.370697929401892,-99.12731914399288
O-3.6.9,IZTAPALAPA,CHURUBUSCO,5,0,0,0,1,0,0,0,0,3,0,0,1,2,1,2,1,2,0,0,19.370697929401892,-99.12731914399288
O-3.6.9,IZTAPALAPA,ESTRELLA,1,0,0,0,1,1,0,0,1,0,3,0,10,4,10,4,5,8,0,2,19.33878654598266,-99.0746653345623
O-3.6.9,IZTAPALAPA,ESTRELLA,0,2,0,1,1,0,0,1,0,2,4,0,15,2,15,2,4,10,1,3,19.33878654598266,-99.0746653345623
O-3.6.9,IZTAPALAPA,ESTRELLA,2,3,0,0,1,2,0,3,2,15,4,1,21,1,21,1,5,9,0,2,19.33878654598266,-99.0746653345623
O-3.6.9,IZTAPALAPA,ESTRELLA,4,2,0,0,0,0,0,0,0,7,7,0,18,1,18,1,5,12,0,5,19.33878654598266,-99.0746653345623
O-3.6.9,IZTAPALAPA,ESTRELLA,0,0,0,0,1,1,1,1,0,4,8,1,8,1,8,1,1,2,0,2,19.33878654598266,-99.0746653345623
O-3.6.9,IZTAPALAPA,ESTRELLA,1,1,0,0,1,0,1,0,1,8,1,0,2,3,2,3,3,6,0,1,19.33878654598266,-99.0746653345623
O-3.6.9,IZTAPALAPA,ESTRELLA,0,1,0,0,0,0,0,0,0,3,0,0,9,0,9,0,1,3,0,0,19.33878654598266,-99.0746653345623
O-3.6.9,IZTAPALAPA,ESTRELLA,0,0,0,0,0,0,0,0,0,3,0,0,12,0,12,0,1,5,0,3,19.33878654598266,-99.0746653345623
O-3.6.9,IZTAPALAPA,ESTRELLA,0,0,0,0,3,0,0,1,0,3,1,0,5,2,5,2,0,5,0,0,19.33878654598266,-99.0746653345623
O-3.6.9,IZTAPALAPA,GRANJAS,0,0,0,2,0,0,1,0,0,1,4,0,16,1,16,1,1,5,0,2,19.38115117607567,-99.11040595009594
O-3.6.9,IZTAPALAPA,GRANJAS,0,1,0,0,0,0,0,1,0,1,1,1,2,0,2,0,1,4,0,2,19.38115117607567,-99.11040595009594
O-3.6.9,IZTAPALAPA,GRANJAS,0,0,0,0,0,0,0,1,1,3,1,0,6,1,6,1,0,4,0,0,19.38115117607567,-99.11040595009594
O-3.6.9,IZTAPALAPA,GRANJAS,1,0,0,0,1,0,0,0,0,4,2,0,2,2,2,2,0,7,0,2,19.38115117607567,-99.11040595009594
O-3.6.9,IZTAPALAPA,GRANJAS,3,1,0,0,1,0,1,0,1,3,0,1,13,1,13,1,2,4,0,4,19.38115117607567,-99.11040595009594
O-3.6.9,IZTAPALAPA,GRANJAS,1,3,0,4,1,1,0,1,0,3,6,1,8,5,8,5,1,2,0,2,19.38115117607567,-99.11040595009594
O-3.6.9,IZTAPALAPA,GRANJAS,1,0,0,0,3,0,0,1,0,7,2,0,5,0,5,0,2,3,0,3,19.38115117607567,-99.11040595009594
O-3.6.9,IZTAPALAPA,GRANJAS,1,0,0,0,1,0,0,0,0,2,2,0,2,0,2,0,0,0,0,2,19.38115117607567,-99.11040595009594
O-3.6.9,IZTAPALAPA,GRANJAS,2,1,0,0,0,0,0,0,0,3,2,0,6,0,6,0,4,7,0,2,19.38115117607567,-99.11040595009594
O-3.6.9,IZTAPALAPA,GRANJAS,0,0,0,0,0,0,0,0,1,0,0,0,3,2,3,2,1,3,0,0,19.38115117607567,-99.11040595009594
O-3.6.9,IZTAPALAPA,GRANJAS,1,0,0,0,0,0,0,0,0,1,1,0,5,2,5,2,0,4,0,2,19.38115117607567,-99.11040595009594
O-3.6.9,IZTAPALAPA,GRANJAS,0,0,0,0,1,0,1,0,0,3,0,3,1,1,1,1,3,4,0,0,19.38115117607567,-99.11040595009594
O-3.6.9,IZTAPALAPA,OASIS,4,1,0,0,4,0,0,0,1,4,5,10,9,2,9,2,0,1,0,0,19.40074114574227,-99.05823041866175
O-3.6.9,IZTAPALAPA,OASIS,4,3,0,1,7,2,0,1,2,1,13,0,25,4,25,4,5,7,0,1,19.40074114574227,-99.05823041866175
O-3.6.9,IZTAPALAPA,OASIS,0,0,0,0,1,0,0,0,0,0,0,0,1,0,1,0,0,0,0,0,19.40074114574227,-99.05823041866175
O-3.6.9,IZTAPALAPA,OASIS,0,1,0,0,0,1,1,0,0,3,2,3,18,1,18,1,1,3,0,0,19.40074114574227,-99.05823041866175
O-3.6.9,IZTAPALAPA,OASIS,4,3,0,0,1,0,2,1,1,3,21,1,38,2,38,2,5,9,0,4,19.40074114574227,-99.05823041866175
O-3.6.9,IZTAPALAPA,OASIS,1,2,0,0,3,0,0,1,0,1,1,1,13,1,13,1,4,2,0,1,19.40074114574227,-99.05823041866175
O-3.6.9,IZTAPALAPA,OASIS,2,0,0,0,1,0,1,1,0,3,5,0,26,1,26,1,2,7,0,2,19.40074114574227,-99.05823041866175
O-3.6.9,IZTAPALAPA,OASIS,1,0,0,1,2,1,0,0,0,0,1,0,12,1,12,1,3,1,0,1,19.40074114574227,-99.05823041866175
O-3.6.9,IZTAPALAPA,OASIS,0,1,0,0,4,0,0,0,0,0,2,0,8,1,8,1,0,3,0,1,19.40074114574227,-99.05823041866175
O-3.6.9,IZTAPALAPA,OASIS,3,0,0,0,1,0,0,0,0,0,3,0,3,0,3,0,0,5,0,1,19.40074114574227,-99.05823041866175
O-3.6.9,IZTAPALAPA,OASIS,0,1,0,1,6,1,0,3,0,0,6,0,44,2,44,2,3,6,0,0,19.40074114574227,-99.05823041866175
O-3.6.9,IZTAPALAPA,OASIS,0,1,0,4,5,0,0,0,1,5,1,0,16,4,16,4,1,7,0,0,19.40074114574227,-99.05823041866175
O-3.6.9,IZTAPALAPA,OASIS,0,1,0,0,3,0,0,2,1,8,1,0,10,2,10,2,2,7,0,0,19.40074114574227,-99.05823041866175
O-3.6.9,IZTAPALAPA,OASIS,1,0,0,0,1,0,0,0,1,3,0,0,8,2,8,2,1,1,0,3,19.40074114574227,-99.05823041866175
O-3.6.9,IZTAPALAPA,OASIS,1,0,0,0,1,0,0,1,0,0,0,1,3,0,3,0,1,2,0,0,19.40074114574227,-99.05823041866175
O-3.6.9,IZTAPALAPA,OASIS,0,0,0,0,0,0,0,0,0,2,3,1,10,0,10,0,3,10,0,1,19.40074114574227,-99.05823041866175
O-3.6.9,IZTAPALAPA,OASIS,1,1,0,1,1,0,0,0,1,5,1,2,8,2,8,2,2,4,0,1,19.40074114574227,-99.05823041866175
O-3.6.9,IZTAPALAPA,OASIS,0,0,0,0,4,1,0,0,0,0,2,0,3,0,3,0,1,1,0,0,19.40074114574227,-99.05823041866175
O-3.6.9,IZTAPALAPA,OASIS,2,0,0,0,2,0,0,0,1,6,0,0,1,1,1,1,2,1,0,3,19.40074114574227,-99.05823041866175
O-3.6.9,IZTAPALAPA,OASIS,0,0,0,1,2,1,0,1,0,18,1,0,9,2,9,2,0,5,0,0,19.40074114574227,-99.05823041866175
O-3.6.9,IZTAPALAPA,OASIS,0,1,0,0,1,0,0,0,0,1,0,0,1,1,1,1,0,1,0,0,19.40074114574227,-99.05823041866175
O-3.6.9,IZTAPALAPA,OASIS,1,0,0,0,2,0,0,0,0,5,1,0,4,0,4,0,1,0,0,1,19.40074114574227,-99.05823041866175
O-3.6.9,IZTAPALAPA,OASIS,2,0,1,4,5,0,0,0,3,1,2,0,16,4,16,4,2,6,0,0,19.40074114574227,-99.05823041866175
O-3.6.9,IZTAPALAPA,OASIS,0,1,0,0,0,0,0,1,2,0,3,0,9,0,9,0,2,1,0,0,19.40074114574227,-99.05823041866175
O-3.6.9,IZTAPALAPA,QUETZAL,0,3,0,0,0,0,1,0,0,3,2,0,9,1,9,1,3,4,0,0,19.325297990390105,-99.04460274158326
O-3.6.9,IZTAPALAPA,QUETZAL,2,0,0,0,3,0,0,1,0,4,6,3,14,2,14,2,9,6,0,6,19.325297990390105,-99.04460274158326
O-3.6.9,IZTAPALAPA,QUETZAL,0,1,0,0,1,0,0,0,0,2,2,1,11,1,11,1,2,3,0,2,19.325297990390105,-99.04460274158326
O-3.6.9,IZTAPALAPA,QUETZAL,0,1,0,0,0,0,0,1,0,0,3,3,7,0,7,0,2,4,0,1,19.325297990390105,-99.04460274158326
O-3.6.9,IZTAPALAPA,QUETZAL,0,1,0,0,0,1,0,0,0,3,5,1,17,1,17,1,2,7,0,5,19.325297990390105,-99.04460274158326
O-3.6.9,IZTAPALAPA,QUETZAL,3,4,0,0,0,0,0,1,0,8,12,3,22,7,22,7,6,16,0,2,19.325297990390105,-99.04460274158326
O-3.6.9,IZTAPALAPA,QUETZAL,1,1,0,0,3,0,0,0,1,4,4,0,9,0,9,0,4,3,0,2,19.325297990390105,-99.04460274158326
O-3.6.9,IZTAPALAPA,QUETZAL,0,1,0,0,0,0,2,1,1,11,0,1,6,1,6,1,4,7,0,6,19.325297990390105,-99.04460274158326
O-3.6.9,IZTAPALAPA,QUETZAL,3,6,0,0,2,0,1,0,1,19,6,0,20,2,20,2,6,14,0,4,19.325297990390105,-99.04460274158326
O-3.6.9,IZTAPALAPA,QUETZAL,2,1,0,0,0,1,0,1,0,0,1,0,9,1,9,1,3,6,0,1,19.325297990390105,-99.04460274158326
O-3.6.9,IZTAPALAPA,QUETZAL,1,1,0,0,1,0,0,0,0,1,2,0,10,1,10,1,5,6,0,2,19.325297990390105,-99.04460274158326
O-3.6.9,IZTAPALAPA,QUETZAL,0,3,0,0,4,2,0,2,0,4,1,0,20,2,20,2,3,12,0,2,19.325297990390105,-99.04460274158326
O-3.6.9,IZTAPALAPA,QUETZAL,1,0,0,1,0,1,0,0,0,3,1,0,7,2,7,2,3,2,0,0,19.325297990390105,-99.04460274158326
O-3.6.9,IZTAPALAPA,QUETZAL,2,3,0,0,5,1,0,1,0,2,17,1,40,1,40,1,15,18,0,4,19.325297990390105,-99.04460274158326
O-3.6.9,IZTAPALAPA,SANTA CRUZ,3,1,0,0,10,0,2,2,1,5,15,2,34,7,34,7,9,11,0,4,19.373125347343052,-99.03998553526174
O-3.6.9,IZTAPALAPA,SANTA CRUZ,2,0,0,0,6,0,0,1,0,8,7,1,33,4,33,4,11,17,0,2,19.373125347343052,-99.03998553526174
O-3.6.9,IZTAPALAPA,SANTA CRUZ,2,1,0,0,0,0,0,0,0,1,7,1,7,3,7,3,4,7,0,1,19.373125347343052,-99.03998553526174
O-3.6.9,IZTAPALAPA,SANTA CRUZ,1,3,0,0,0,0,0,0,0,3,6,1,9,0,9,0,4,12,0,2,19.373125347343052,-99.03998553526174
O-3.6.9,IZTAPALAPA,SANTA CRUZ,1,0,0,0,0,0,0,0,0,1,2,1,5,0,5,0,0,4,0,1,19.373125347343052,-99.03998553526174
O-3.6.9,IZTAPALAPA,SANTA CRUZ,3,1,0,0,0,0,1,0,0,2,2,0,3,0,3,0,3,3,0,2,19.373125347343052,-99.03998553526174
O-3.6.9,IZTAPALAPA,SANTA CRUZ,2,0,0,0,1,0,0,0,0,7,10,2,15,2,15,2,3,5,0,5,19.373125347343052,-99.03998553526174
O-3.6.9,IZTAPALAPA,SANTA CRUZ,0,0,0,0,1,0,2,0,0,2,1,0,7,0,7,0,1,2,0,1,19.373125347343052,-99.03998553526174
O-3.6.9,IZTAPALAPA,SANTA CRUZ,1,3,0,0,1,0,0,0,1,10,0,0,4,1,4,1,3,4,0,1,19.373125347343052,-99.03998553526174
O-3.6.9,IZTAPALAPA,SANTA CRUZ,1,0,0,0,4,0,0,0,0,4,1,0,12,0,12,0,4,8,0,1,19.373125347343052,-99.03998553526174
O-3.6.9,IZTAPALAPA,SANTA CRUZ,1,0,0,0,0,0,1,2,1,6,1,0,12,1,12,1,3,8,0,1,19.373125347343052,-99.03998553526174
O-3.6.9,IZTAPALAPA,SANTA CRUZ,0,0,0,0,1,0,0,0,0,1,1,0,6,1,6,1,2,5,0,3,19.373125347343052,-99.03998553526174
O-3.6.9,IZTAPALAPA,SANTA CRUZ,0,2,0,0,0,1,0,0,0,0,2,0,6,2,6,2,3,5,0,0,19.373125347343052,-99.03998553526174
O-3.6.9,IZTAPALAPA,SANTA CRUZ,1,0,0,0,3,1,0,1,0,5,1,0,18,2,18,2,1,10,0,0,19.373125347343052,-99.03998553526174
O-3.6.9,IZTAPALAPA,TEOTONGO,1,0,0,0,2,0,0,0,0,3,1,0,16,3,16,3,3,4,0,1,19.350835494071685,-99.00079986985486
O-3.6.9,IZTAPALAPA,TEOTONGO,2,1,0,0,3,0,0,0,0,1,4,1,6,1,6,1,3,6,0,3,19.350835494071685,-99.00079986985486
O-3.6.9,IZTAPALAPA,TEOTONGO,0,2,0,0,0,0,0,2,0,2,0,0,14,2,14,2,3,7,0,4,19.350835494071685,-99.00079986985486
O-3.6.9,IZTAPALAPA,TEOTONGO,1,1,0,0,5,0,0,0,0,0,2,0,3,0,3,0,4,7,0,1,19.350835494071685,-99.00079986985486
O-3.6.9,IZTAPALAPA,TEOTONGO,1,0,0,0,0,0,0,1,0,1,2,0,7,1,7,1,4,6,0,2,19.350835494071685,-99.00079986985486
O-3.6.9,IZTAPALAPA,TEOTONGO,0,0,0,0,0,0,0,1,0,1,0,0,4,1,4,1,2,3,0,4,19.350835494071685,-99.00079986985486
O-3.6.9,IZTAPALAPA,TEOTONGO,1,0,0,0,1,0,0,1,0,1,2,1,9,0,9,0,3,4,0,4,19.350835494071685,-99.00079986985486
O-3.6.9,IZTAPALAPA,TEOTONGO,1,0,0,0,3,0,0,0,0,2,1,0,15,2,15,2,5,11,0,4,19.350835494071685,-99.00079986985486
O-3.6.9,IZTAPALAPA,TEOTONGO,0,2,1,1,13,2,0,0,0,4,3,0,24,1,24,1,6,12,0,2,19.350835494071685,-99.00079986985486
O-3.6.9,IZTAPALAPA,TEOTONGO,1,0,0,0,3,0,0,1,0,5,1,0,20,3,20,3,2,10,0,1,19.350835494071685,-99.00079986985486
O-3.6.9,IZTAPALAPA,TEOTONGO,0,0,0,0,1,0,0,1,0,1,2,0,10,2,10,2,3,5,0,4,19.350835494071685,-99.00079986985486
O-3.6.9,IZTAPALAPA,TEOTONGO,1,1,0,0,1,0,0,1,0,2,0,0,6,0,6,0,10,5,0,4,19.350835494071685,-99.00079986985486
O-3.6.9,IZTAPALAPA,TEOTONGO,1,1,0,0,0,0,0,1,0,12,3,0,25,0,25,0,4,14,0,5,19.350835494071685,-99.00079986985486
O-3.6.9,IZTAPALAPA,TEOTONGO,3,2,0,0,1,0,0,2,0,4,3,1,19,3,19,3,4,14,0,2,19.350835494071685,-99.00079986985486
O-3.6.9,IZTAPALAPA,TEOTONGO,1,0,0,0,0,0,0,0,0,7,3,0,11,2,11,2,2,5,0,6,19.350835494071685,-99.00079986985486
O-3.6.9,IZTAPALAPA,TEOTONGO,1,1,0,0,0,0,0,1,0,2,2,0,12,0,12,0,1,4,0,1,19.350835494071685,-99.00079986985486
O-3.6.9,IZTAPALAPA,TEZONCO,0,1,0,18,4,3,0,0,2,10,3,1,27,7,27,7,10,11,0,4,19.32010034772889,-99.08405531759685
O-3.6.9,IZTAPALAPA,TEZONCO,1,1,0,0,0,1,0,4,0,8,5,0,25,1,25,1,6,19,0,3,19.32010034772889,-99.08405531759685
O-3.6.9,IZTAPALAPA,TEZONCO,1,1,0,0,0,1,0,0,0,1,4,0,13,2,13,2,0,8,1,1,19.32010034772889,-99.08405531759685
O-3.6.9,IZTAPALAPA,TEZONCO,3,1,0,0,5,3,0,3,1,3,12,1,20,6,20,6,3,15,0,4,19.32010034772889,-99.08405531759685
O-3.6.9,IZTAPALAPA,TEZONCO,1,0,0,0,5,2,0,0,0,6,0,0,9,0,9,0,2,13,0,2,19.32010034772889,-99.08405531759685
O-3.6.9,IZTAPALAPA,TEZONCO,3,3,0,0,3,0,0,3,0,16,9,1,19,3,19,3,4,7,0,3,19.32010034772889,-99.08405531759685
O-3.6.9,IZTAPALAPA,TEZONCO,6,0,0,0,0,0,0,0,0,4,0,1,17,2,17,2,3,6,0,4,19.32010034772889,-99.08405531759685
O-3.6.9,IZTAPALAPA,TEZONCO,1,0,0,0,0,1,0,1,0,8,6,0,11,2,11,2,3,11,0,5,19.32010034772889,-99.08405531759685
O-3.6.9,IZTAPALAPA,TEZONCO,4,5,0,0,6,6,0,3,1,8,16,3,32,5,32,5,8,11,0,13,19.32010034772889,-99.08405531759685
O-3.6.9,IZTAPALAPA,TEZONCO,3,0,0,0,5,2,1,2,3,5,2,0,41,7,41,7,3,15,0,4,19.32010034772889,-99.08405531759685
O-3.6.9,IZTAPALAPA,TEZONCO,2,1,0,0,1,0,0,2,1,1,6,1,23,4,23,4,3,16,0,8,19.32010034772889,-99.08405531759685
O-3.6.9,MAGDALENA CONTRERAS,DINAMO,1,1,0,0,0,3,1,1,0,7,0,0,4,2,4,2,2,7,0,1,19.294126610284515,-99.24076216635912
O-3.6.9,MAGDALENA CONTRERAS,DINAMO,0,2,0,0,0,0,1,0,0,3,2,0,10,2,10,2,2,3,0,1,19.294126610284515,-99.24076216635912
O-3.6.9,MAGDALENA CONTRERAS,DINAMO,2,0,0,0,0,0,1,0,0,1,1,1,7,2,7,2,2,7,0,5,19.294126610284515,-99.24076216635912
O-3.6.9,MAGDALENA CONTRERAS,DINAMO,1,2,0,0,0,0,0,0,1,1,1,1,7,1,7,1,3,5,0,3,19.294126610284515,-99.24076216635912
O-3.6.9,MAGDALENA CONTRERAS,DINAMO,1,2,0,0,0,1,0,1,0,2,1,0,7,2,7,2,1,6,0,8,19.294126610284515,-99.24076216635912
O-3.6.9,MAGDALENA CONTRERAS,DINAMO,0,0,0,0,0,0,1,1,0,1,2,0,5,0,5,0,3,1,0,2,19.294126610284515,-99.24076216635912
O-3.6.9,MAGDALENA CONTRERAS,SAN JERONIMO,0,0,0,0,0,0,0,1,0,0,0,0,0,0,0,0,0,0,0,1,19.326858623824936,-99.22387834715877
O-3.6.9,MAGDALENA CONTRERAS,SAN JERONIMO,2,1,0,0,0,1,0,0,0,3,0,0,5,1,5,1,0,7,0,1,19.326858623824936,-99.22387834715877
O-3.6.9,MAGDALENA CONTRERAS,SAN JERONIMO,1,0,0,0,0,0,0,0,0,1,0,0,2,0,2,0,1,2,0,3,19.326858623824936,-99.22387834715877
O-3.6.9,MAGDALENA CONTRERAS,SAN JERONIMO,2,1,0,0,0,0,0,0,0,5,1,0,6,0,6,0,4,1,0,1,19.326858623824936,-99.22387834715877
O-3.6.9,MAGDALENA CONTRERAS,SAN JERONIMO,2,0,0,0,1,0,0,1,0,1,0,0,4,0,4,0,0,1,0,0,19.326858623824936,-99.22387834715877
O-3.6.9,MAGDALENA CONTRERAS,SAN JERONIMO,0,0,0,0,0,0,0,0,0,2,0,0,3,0,3,0,0,6,0,1,19.326858623824936,-99.22387834715877
O-3.6.9,MAGDALENA CONTRERAS,SAN JERONIMO,0,0,0,0,0,2,1,0,0,1,0,0,2,2,2,2,1,0,0,0,19.326858623824936,-99.22387834715877
O-3.6.9,MAGDALENA CONTRERAS,SAN JERONIMO,0,0,0,0,0,0,1,0,0,0,0,0,4,0,4,0,1,2,0,0,19.326858623824936,-99.22387834715877
O-3.6.9,MAGDALENA CONTRERAS,SAN JERONIMO,0,0,0,0,0,0,0,0,0,0,1,0,0,0,0,0,0,1,0,1,19.326858623824936,-99.22387834715877
O-3.6.9,MAGDALENA CONTRERAS,SAN JERONIMO,1,0,0,0,1,0,1,1,0,2,1,0,6,1,6,1,1,4,0,2,19.326858623824936,-99.22387834715877
O-3.6.9,MAGDALENA CONTRERAS,SAN JERONIMO,1,0,0,0,0,0,0,0,0,0,1,1,9,2,9,2,2,2,0,3,19.326858623824936,-99.22387834715877
O-3.6.9,MAGDALENA CONTRERAS,SAN JERONIMO,0,0,0,0,0,0,0,1,0,6,2,0,12,2,12,2,4,9,0,2,19.326858623824936,-99.22387834715877
O-3.6.9,MAGDALENA CONTRERAS,SAN JERONIMO,1,1,0,0,0,0,0,3,0,3,2,0,9,1,9,1,5,6,0,5,19.326858623824936,-99.22387834715877
O-3.6.9,MIGUEL HIDALGO,CHAPULTEPEC,0,0,0,0,0,0,1,0,1,0,0,0,6,3,6,3,0,3,0,3,19.430613169399482,-99.20959662167903
O-3.6.9,MIGUEL HIDALGO,CHAPULTEPEC,0,0,0,0,0,0,0,1,0,0,0,0,0,0,0,0,0,1,0,1,19.430613169399482,-99.20959662167903
O-3.6.9,MIGUEL HIDALGO,CHAPULTEPEC,0,0,0,0,0,0,0,1,0,0,0,0,0,0,0,0,1,0,0,0,19.430613169399482,-99.20959662167903
O-3.6.9,MIGUEL HIDALGO,CHAPULTEPEC,0,0,0,0,0,0,0,0,0,0,0,1,1,1,1,1,0,2,0,1,19.430613169399482,-99.20959662167903
O-3.6.9,MIGUEL HIDALGO,CHAPULTEPEC,0,0,0,0,0,2,1,0,1,0,0,0,1,1,1,1,0,0,0,0,19.430613169399482,-99.20959662167903
O-3.6.9,MIGUEL HIDALGO,CHAPULTEPEC,0,0,0,0,0,0,0,0,0,0,0,0,2,2,2,2,0,1,0,0,19.430613169399482,-99.20959662167903
O-3.6.9,MIGUEL HIDALGO,CHAPULTEPEC,0,0,0,0,0,0,0,0,0,1,0,0,1,0,1,0,0,0,0,0,19.430613169399482,-99.20959662167903
O-3.6.9,MIGUEL HIDALGO,CHAPULTEPEC,0,0,0,0,0,0,0,0,0,0,1,0,0,1,0,1,1,0,0,0,19.430613169399482,-99.20959662167903
O-3.6.9,MIGUEL HIDALGO,CHAPULTEPEC,0,0,0,0,0,0,0,0,0,0,0,0,0,0,0,0,0,0,0,0,19.430613169399482,-99.20959662167903
O-3.6.9,MIGUEL HIDALGO,CHAPULTEPEC,0,0,0,0,0,0,0,0,1,0,0,0,1,0,1,0,0,0,0,1,19.430613169399482,-99.20959662167903
O-3.6.9,MIGUEL HIDALGO,CHAPULTEPEC,0,0,0,0,0,0,0,0,0,0,0,0,1,1,1,1,0,0,0,0,19.430613169399482,-99.20959662167903
O-3.6.9,MIGUEL HIDALGO,CHAPULTEPEC,0,0,0,0,0,0,0,0,0,0,1,0,0,1,0,1,0,2,0,0,19.430613169399482,-99.20959662167903
O-3.6.9,MIGUEL HIDALGO,POLANCO-CASTILLO,0,0,0,0,1,0,0,0,1,1,0,0,2,0,2,0,1,5,0,1,19.437594739759422,-99.21370765907115
O-3.6.9,MIGUEL HIDALGO,POLANCO-CASTILLO,0,1,0,0,0,0,0,0,0,0,0,0,2,1,2,1,0,1,0,0,19.437594739759422,-99.21370765907115
O-3.6.9,MIGUEL HIDALGO,POLANCO-CASTILLO,0,0,0,0,0,0,0,1,0,0,0,0,2,2,2,2,0,1,0,0,19.437594739759422,-99.21370765907115
O-3.6.9,MIGUEL HIDALGO,POLANCO-CASTILLO,0,0,0,6,0,0,0,0,1,1,0,0,8,3,8,3,0,4,0,2,19.437594739759422,-99.21370765907115
O-3.6.9,MIGUEL HIDALGO,POLANCO-CASTILLO,0,0,0,0,0,0,0,0,0,0,0,0,5,1,5,1,0,1,0,0,19.437594739759422,-99.21370765907115
O-3.6.9,MIGUEL HIDALGO,POLANCO-CASTILLO,0,0,0,0,1,0,0,0,0,0,1,0,3,2,3,2,0,0,0,1,19.437594739759422,-99.21370765907115
O-3.6.9,MIGUEL HIDALGO,POLANCO-CASTILLO,0,0,0,0,0,0,0,0,0,0,0,0,1,0,1,0,0,1,0,0,19.437594739759422,-99.21370765907115
O-3.6.9,MIGUEL HIDALGO,POLANCO-CASTILLO,0,0,0,0,0,0,0,1,0,1,0,1,2,2,2,2,0,2,0,1,19.437594739759422,-99.21370765907115
O-3.6.9,MIGUEL HIDALGO,POLANCO-CASTILLO,0,0,0,0,0,0,1,0,0,2,0,0,8,0,8,0,0,1,0,0,19.437594739759422,-99.21370765907115
O-3.6.9,MIGUEL HIDALGO,POLANCO-CASTILLO,0,0,1,4,0,0,0,0,1,0,0,0,7,3,7,3,0,5,0,0,19.437594739759422,-99.21370765907115
O-3.6.9,MIGUEL HIDALGO,POLANCO-CASTILLO,0,0,0,0,0,0,0,0,1,1,0,1,1,1,1,1,0,6,0,1,19.437594739759422,-99.21370765907115
O-3.6.9,MIGUEL HIDALGO,POLANCO-CASTILLO,0,0,0,0,0,0,0,0,0,3,0,0,5,0,5,0,0,3,0,0,19.437594739759422,-99.21370765907115
O-3.6.9,MIGUEL HIDALGO,POLANCO-CASTILLO,0,0,0,0,0,0,0,0,0,5,0,1,4,1,4,1,0,0,0,0,19.437594739759422,-99.21370765907115
O-3.6.9,MIGUEL HIDALGO,POLANCO-CASTILLO,0,0,0,0,0,0,0,0,0,2,1,0,1,1,1,1,0,1,0,2,19.437594739759422,-99.21370765907115
O-3.6.9,MIGUEL HIDALGO,POLANCO-CASTILLO,0,0,0,0,0,0,0,0,0,0,0,0,6,0,6,0,0,0,0,0,19.437594739759422,-99.21370765907115
O-3.6.9,MIGUEL HIDALGO,SOTELO,2,0,0,0,0,0,0,0,2,8,0,0,12,3,12,3,1,6,1,0,19.456414239835766,-99.21507014261645
O-3.6.9,MIGUEL HIDALGO,SOTELO,0,0,0,0,0,1,0,0,0,1,1,0,3,4,3,4,0,6,0,0,19.456414239835766,-99.21507014261645
O-3.6.9,MIGUEL HIDALGO,SOTELO,0,0,0,0,3,0,2,0,0,2,0,0,4,4,4,4,0,0,0,0,19.456414239835766,-99.21507014261645
O-3.6.9,MIGUEL HIDALGO,SOTELO,0,0,0,0,0,0,0,0,0,0,0,0,3,1,3,1,0,2,0,0,19.456414239835766,-99.21507014261645
O-3.6.9,MIGUEL HIDALGO,SOTELO,0,0,0,0,0,0,0,0,0,2,1,1,16,1,16,1,0,4,0,3,19.456414239835766,-99.21507014261645
O-3.6.9,MIGUEL HIDALGO,SOTELO,4,1,0,0,0,0,1,2,0,10,8,0,23,4,23,4,1,4,0,3,19.456414239835766,-99.21507014261645
O-3.6.9,MIGUEL HIDALGO,SOTELO,0,0,0,0,0,1,0,1,0,2,0,2,5,3,5,3,0,5,0,1,19.456414239835766,-99.21507014261645
O-3.6.9,MIGUEL HIDALGO,SOTELO,0,0,0,0,1,0,0,0,0,0,1,1,5,2,5,2,0,4,0,0,19.456414239835766,-99.21507014261645
O-3.6.9,MIGUEL HIDALGO,SOTELO,0,0,0,0,0,0,0,0,0,0,0,1,6,3,6,3,0,2,0,0,19.456414239835766,-99.21507014261645
O-3.6.9,MIGUEL HIDALGO,TACUBA,2,1,1,5,0,0,1,1,0,3,2,0,18,1,18,1,1,2,0,0,19.462600214767008,-99.19041237995364
O-3.6.9,MIGUEL HIDALGO,TACUBA,1,0,0,0,0,0,0,1,0,6,5,0,20,2,20,2,0,2,0,0,19.462600214767008,-99.19041237995364
O-3.6.9,MIGUEL HIDALGO,TACUBA,0,0,0,4,0,0,0,0,0,6,2,1,22,1,22,1,0,3,0,1,19.462600214767008,-99.19041237995364
O-3.6.9,MIGUEL HIDALGO,TACUBA,0,0,0,0,0,0,1,0,0,7,1,0,22,1,22,1,1,4,0,1,19.462600214767008,-99.19041237995364
O-3.6.9,MIGUEL HIDALGO,TACUBA,0,2,0,2,0,0,0,0,0,1,1,0,14,1,14,1,0,2,0,1,19.462600214767008,-99.19041237995364
O-3.6.9,MIGUEL HIDALGO,TACUBA,0,0,0,2,0,0,0,0,0,2,0,0,9,2,9,2,0,0,0,1,19.462600214767008,-99.19041237995364
O-3.6.9,MIGUEL HIDALGO,TACUBA,0,1,0,1,0,0,0,0,1,2,2,3,16,4,16,4,2,3,0,2,19.462600214767008,-99.19041237995364
O-3.6.9,MIGUEL HIDALGO,TACUBA,0,0,0,0,1,0,3,0,2,5,1,0,20,4,20,4,2,8,0,2,19.462600214767008,-99.19041237995364
O-3.6.9,MIGUEL HIDALGO,TACUBA,0,0,0,0,1,0,1,0,0,4,2,0,8,0,8,0,1,6,0,0,19.462600214767008,-99.19041237995364
O-3.6.9,MIGUEL HIDALGO,TACUBA,0,0,0,4,0,0,1,1,0,2,1,0,9,0,9,0,0,0,0,1,19.462600214767008,-99.19041237995364
O-3.6.9,MIGUEL HIDALGO,TACUBA,2,2,0,0,2,1,0,0,0,4,1,1,12,3,12,3,3,4,0,3,19.462600214767008,-99.19041237995364
O-3.6.9,MIGUEL HIDALGO,TACUBA,0,1,0,0,0,0,0,2,0,4,2,0,23,1,23,1,2,2,0,0,19.462600214767008,-99.19041237995364
O-3.6.9,MIGUEL HIDALGO,TACUBA,2,0,0,1,0,0,1,0,0,4,3,0,21,1,21,1,1,2,0,4,19.462600214767008,-99.19041237995364
O-3.6.9,MIGUEL HIDALGO,TACUBA,0,0,0,0,0,0,1,0,0,4,0,0,10,4,10,4,2,5,0,0,19.462600214767008,-99.19041237995364
O-3.6.9,MIGUEL HIDALGO,TACUBA,0,1,0,0,0,0,0,2,0,3,1,0,14,3,14,3,0,3,0,1,19.462600214767008,-99.19041237995364
O-3.6.9,MIGUEL HIDALGO,TACUBA,0,0,0,0,1,0,0,1,1,2,1,0,12,0,12,0,3,4,0,3,19.462600214767008,-99.19041237995364
O-3.6.9,MIGUEL HIDALGO,TACUBA,0,1,0,0,1,1,0,0,0,4,4,0,17,5,17,5,0,5,0,2,19.462600214767008,-99.19041237995364
O-3.6.9,MIGUEL HIDALGO,TACUBA,1,0,0,0,1,2,0,1,3,6,2,0,14,3,14,3,1,1,0,0,19.462600214767008,-99.19041237995364
O-3.6.9,MIGUEL HIDALGO,TACUBA,0,1,2,19,0,0,1,1,0,15,1,1,49,13,49,13,1,4,0,2,19.462600214767008,-99.19041237995364
O-3.6.9,MIGUEL HIDALGO,TACUBA,1,1,0,3,0,0,1,0,0,4,3,0,19,3,19,3,0,1,0,1,19.462600214767008,-99.19041237995364
O-3.6.9,MIGUEL HIDALGO,TACUBA,0,0,0,0,0,0,0,0,0,2,2,0,9,2,9,2,0,0,0,0,19.462600214767008,-99.19041237995364
O-3.6.9,MIGUEL HIDALGO,TACUBAYA,0,0,0,0,0,0,0,0,0,1,1,0,1,1,1,1,0,0,0,1,19.410741132686752,-99.19389618024594
O-3.6.9,MIGUEL HIDALGO,TACUBAYA,1,0,0,0,0,0,0,1,0,2,0,1,12,1,12,1,1,8,0,1,19.410741132686752,-99.19389618024594
O-3.6.9,MIGUEL HIDALGO,TACUBAYA,0,0,0,0,0,0,0,0,0,1,0,0,6,0,6,0,0,4,0,0,19.410741132686752,-99.19389618024594
O-3.6.9,MIGUEL HIDALGO,TACUBAYA,0,0,0,0,0,0,0,0,0,2,1,0,6,1,6,1,0,13,0,3,19.410741132686752,-99.19389618024594
O-3.6.9,MIGUEL HIDALGO,TACUBAYA,0,0,0,0,0,0,0,0,0,0,0,0,5,2,5,2,1,2,0,0,19.410741132686752,-99.19389618024594
O-3.6.9,MIGUEL HIDALGO,TACUBAYA,2,0,0,0,0,0,1,0,1,4,3,1,17,0,17,0,1,2,0,0,19.410741132686752,-99.19389618024594
O-3.6.9,MIGUEL HIDALGO,TACUBAYA,0,0,0,0,0,0,0,3,0,0,3,0,13,0,13,0,1,3,0,1,19.410741132686752,-99.19389618024594
O-3.6.9,MIGUEL HIDALGO,TACUBAYA,0,1,0,0,1,1,0,0,0,4,0,0,12,0,12,0,1,0,0,1,19.410741132686752,-99.19389618024594
O-3.6.9,MIGUEL HIDALGO,TACUBAYA,0,0,0,3,0,0,0,0,0,0,0,0,10,3,10,3,1,6,0,0,19.410741132686752,-99.19389618024594
O-3.6.9,MIGUEL HIDALGO,TACUBAYA,0,0,0,1,0,0,2,0,0,1,0,0,6,1,6,1,1,8,0,0,19.410741132686752,-99.19389618024594
O-3.6.9,MIGUEL HIDALGO,TACUBAYA,0,0,0,1,0,0,0,0,1,2,0,0,7,1,7,1,0,1,0,0,19.410741132686752,-99.19389618024594
O-3.6.9,MIGUEL HIDALGO,TACUBAYA,0,0,1,27,0,3,0,0,3,6,4,0,52,16,52,16,2,7,0,5,19.410741132686752,-99.19389618024594
O-3.6.9,MILPA ALTA,MILPA ALTA,3,1,0,0,2,0,0,2,1,2,0,2,11,5,11,5,7,14,0,9,19.195429551459167,-99.10503987617835
O-3.6.9,MILPA ALTA,MILPA ALTA,2,0,0,0,1,0,0,0,0,2,0,0,2,1,2,1,2,2,0,6,19.195429551459167,-99.10503987617835
O-3.6.9,MILPA ALTA,MILPA ALTA,1,0,0,0,0,0,1,0,0,1,0,0,1,0,1,0,7,2,0,6,19.195429551459167,-99.10503987617835
O-3.6.9,MILPA ALTA,MILPA ALTA,2,1,0,0,0,0,0,0,0,1,0,0,2,1,2,1,2,0,0,2,19.195429551459167,-99.10503987617835
O-3.6.9,MILPA ALTA,MILPA ALTA,0,0,0,0,0,0,0,0,0,0,0,0,0,0,0,0,1,0,0,0,19.195429551459167,-99.10503987617835
O-3.6.9,MILPA ALTA,TECOMITL,0,0,0,0,0,1,0,0,0,0,0,0,6,2,6,2,1,3,0,0,19.191685780500638,-98.99657527238968
O-3.6.9,MILPA ALTA,TECOMITL,1,1,0,0,0,1,0,0,0,0,1,0,9,5,9,5,0,2,0,1,19.191685780500638,-98.99657527238968
O-3.6.9,MILPA ALTA,TECOMITL,1,0,0,0,0,0,0,0,0,1,0,0,2,0,2,0,3,5,0,0,19.191685780500638,-98.99657527238968
O-3.6.9,MILPA ALTA,TECOMITL,3,0,0,0,2,0,0,0,0,0,0,0,7,0,7,0,5,4,0,1,19.191685780500638,-98.99657527238968
O-3.6.9,TLAHUAC,MIXQUIC,6,0,0,0,2,0,1,2,1,3,2,0,8,2,8,2,2,11,0,2,19.323079748356452,-98.95761472670782
O-3.6.9,TLAHUAC,MIXQUIC,1,1,0,0,0,0,0,1,1,1,0,1,4,1,4,1,6,6,0,2,19.323079748356452,-98.95761472670782
O-3.6.9,TLAHUAC,MIXQUIC,3,1,0,0,2,0,0,1,0,1,2,0,16,2,16,2,8,5,0,7,19.323079748356452,-98.95761472670782
O-3.6.9,TLAHUAC,MIXQUIC,0,1,0,0,0,0,0,1,0,2,0,0,6,2,6,2,5,8,0,1,19.323079748356452,-98.95761472670782
O-3.6.9,TLAHUAC,MIXQUIC,1,2,0,0,3,1,1,1,0,6,0,0,16,3,16,3,3,11,0,4,19.323079748356452,-98.95761472670782
O-3.6.9,TLAHUAC,MIXQUIC,1,1,0,0,3,1,0,1,0,1,0,0,13,2,13,2,1,11,0,6,19.323079748356452,-98.95761472670782
O-3.6.9,TLAHUAC,MIXQUIC,1,0,0,0,6,3,0,2,5,11,2,0,18,4,18,4,8,10,0,3,19.323079748356452,-98.95761472670782
O-3.6.9,TLAHUAC,MIXQUIC,4,3,0,0,3,1,0,2,2,1,2,1,15,3,15,3,5,12,0,1,19.323079748356452,-98.95761472670782
O-3.6.9,TLAHUAC,MIXQUIC,2,3,0,0,4,0,1,3,0,0,0,1,18,1,18,1,12,28,0,8,19.323079748356452,-98.95761472670782
O-3.6.9,TLAHUAC,MIXQUIC,0,0,0,0,0,0,0,0,0,0,2,0,3,0,3,0,5,4,0,0,19.323079748356452,-98.95761472670782
O-3.6.9,TLAHUAC,ZAPOTITLA,2,1,0,0,3,0,1,1,2,6,0,0,13,5,13,5,2,12,0,4,19.310479392417538,-99.03383767886226
O-3.6.9,TLAHUAC,ZAPOTITLA,0,0,0,0,1,0,0,0,2,1,2,1,4,0,4,0,1,18,0,1,19.310479392417538,-99.03383767886226
O-3.6.9,TLAHUAC,ZAPOTITLA,1,1,0,0,5,2,0,1,2,3,4,1,8,1,8,1,4,11,0,1,19.310479392417538,-99.03383767886226
O-3.6.9,TLAHUAC,ZAPOTITLA,2,0,0,0,1,0,0,0,0,4,1,0,6,4,6,4,5,2,0,3,19.310479392417538,-99.03383767886226
O-3.6.9,TLAHUAC,ZAPOTITLA,2,1,0,0,2,3,0,1,0,1,0,1,1,0,1,0,3,2,0,2,19.310479392417538,-99.03383767886226
O-3.6.9,TLAHUAC,ZAPOTITLA,1,0,0,0,4,0,0,1,0,6,3,2,16,1,16,1,5,17,0,9,19.310479392417538,-99.03383767886226
O-3.6.9,TLAHUAC,ZAPOTITLA,4,0,0,0,0,2,0,2,0,9,1,0,14,2,14,2,5,21,0,7,19.310479392417538,-99.03383767886226
O-3.6.9,TLAHUAC,ZAPOTITLA,3,1,0,0,2,0,0,1,0,5,1,0,10,1,10,1,3,10,0,4,19.310479392417538,-99.03383767886226
O-3.6.9,TLAHUAC,ZAPOTITLA,1,2,0,0,1,1,1,0,0,4,2,0,12,0,12,0,10,9,0,5,19.310479392417538,-99.03383767886226
O-3.6.9,TLAHUAC,ZAPOTITLA,4,1,0,0,3,2,0,0,0,1,4,0,9,0,9,0,4,21,0,6,19.310479392417538,-99.03383767886226
O-3.6.9,TLALPAN,COAPA,0,0,0,0,0,1,1,0,0,0,0,2,3,1,3,1,0,13,0,1,19.304552925684124,-99.13801219327539
O-3.6.9,TLALPAN,COAPA,0,0,0,0,0,0,0,0,1,0,0,0,9,1,9,1,0,8,0,2,19.304552925684124,-99.13801219327539
O-3.6.9,TLALPAN,COAPA,0,0,0,0,0,2,0,0,2,0,0,0,3,0,3,0,1,2,0,0,19.304552925684124,-99.13801219327539
O-3.6.9,TLALPAN,COAPA,0,0,0,0,0,0,0,0,0,1,0,0,2,0,2,0,0,3,0,0,19.304552925684124,-99.13801219327539
O-3.6.9,TLALPAN,COAPA,0,0,0,0,0,0,0,0,0,0,0,1,2,2,2,2,1,5,0,0,19.304552925684124,-99.13801219327539
O-3.6.9,TLALPAN,COAPA,0,0,0,0,0,0,0,0,0,4,0,2,3,1,3,1,3,14,0,0,19.304552925684124,-99.13801219327539
O-3.6.9,TLALPAN,COAPA,0,1,0,0,0,2,0,0,2,4,0,1,4,1,4,1,0,5,0,0,19.304552925684124,-99.13801219327539
O-3.6.9,TLALPAN,COAPA,1,0,0,0,0,0,0,0,1,1,0,0,0,2,0,2,1,6,0,1,19.304552925684124,-99.13801219327539
O-3.6.9,TLALPAN,COAPA,0,0,0,0,0,0,2,0,1,5,1,0,8,2,8,2,4,2,0,3,19.304552925684124,-99.13801219327539
O-3.6.9,TLALPAN,COAPA,0,0,0,0,0,0,0,0,1,0,0,0,3,2,3,2,1,1,0,1,19.304552925684124,-99.13801219327539
O-3.6.9,TLALPAN,COAPA,0,0,0,0,0,0,0,0,0,1,0,0,1,1,1,1,0,0,0,1,19.304552925684124,-99.13801219327539
O-3.6.9,TLALPAN,COAPA,1,1,0,0,0,1,0,0,1,1,0,0,3,1,3,1,0,3,0,0,19.304552925684124,-99.13801219327539
O-3.6.9,TLALPAN,COAPA,0,0,0,0,0,1,1,0,0,2,0,0,10,1,10,1,1,13,0,0,19.304552925684124,-99.13801219327539
O-3.6.9,TLALPAN,COAPA,0,0,0,0,1,1,0,0,0,0,0,0,3,1,3,1,0,8,0,1,19.304552925684124,-99.13801219327539
O-3.6.9,TLALPAN,COAPA,0,1,0,0,1,0,0,0,0,0,0,0,1,0,1,0,0,6,0,0,19.304552925684124,-99.13801219327539
O-3.6.9,TLALPAN,COAPA,0,0,0,0,0,1,0,0,0,1,0,0,3,3,3,3,0,2,0,1,19.304552925684124,-99.13801219327539
O-3.6.9,TLALPAN,COAPA,0,0,0,0,0,0,0,0,0,1,0,0,3,1,3,1,2,1,0,0,19.304552925684124,-99.13801219327539
O-3.6.9,TLALPAN,FUENTE,0,1,0,0,0,3,0,0,0,1,0,0,2,1,2,1,1,5,0,1,19.29864407509488,-99.21059404602715
O-3.6.9,TLALPAN,FUENTE,7,2,0,0,1,0,1,4,1,2,6,0,15,1,15,1,15,14,0,6,19.29864407509488,-99.21059404602715
O-3.6.9,TLALPAN,FUENTE,2,0,0,0,0,1,0,2,0,7,1,1,17,5,17,5,2,9,0,7,19.29864407509488,-99.21059404602715
O-3.6.9,TLALPAN,FUENTE,0,1,0,0,1,0,0,1,0,0,0,0,16,1,16,1,1,7,0,1,19.29864407509488,-99.21059404602715
O-3.6.9,TLALPAN,FUENTE,0,0,0,0,0,1,0,1,0,9,0,0,29,7,29,7,7,19,0,1,19.29864407509488,-99.21059404602715
O-3.6.9,TLALPAN,FUENTE,2,0,0,0,0,0,0,0,0,1,3,0,25,3,25,3,5,6,0,6,19.29864407509488,-99.21059404602715
O-3.6.9,TLALPAN,FUENTE,5,0,0,0,0,0,0,0,0,1,0,0,3,0,3,0,1,4,0,3,19.29864407509488,-99.21059404602715
O-3.6.9,TLALPAN,FUENTE,1,0,0,0,0,0,0,1,0,0,1,0,2,0,2,0,1,0,0,0,19.29864407509488,-99.21059404602715
O-3.6.9,TLALPAN,FUENTE,3,0,0,0,0,0,1,2,0,2,4,1,8,0,8,0,2,3,0,2,19.29864407509488,-99.21059404602715
O-3.6.9,TLALPAN,FUENTE,1,1,0,0,0,0,0,0,0,1,2,0,5,0,5,0,2,0,0,2,19.29864407509488,-99.21059404602715
O-3.6.9,TLALPAN,HUIPULCO-HOSPITALES,1,0,0,0,0,0,1,0,0,1,0,0,7,1,7,1,1,2,0,4,19.302856804193237,-99.18587058424951
O-3.6.9,TLALPAN,HUIPULCO-HOSPITALES,0,3,0,0,0,0,0,0,0,3,3,0,10,3,10,3,4,3,0,5,19.302856804193237,-99.18587058424951
O-3.6.9,TLALPAN,HUIPULCO-HOSPITALES,0,2,0,0,0,0,1,1,1,8,2,2,16,3,16,3,6,4,0,9,19.302856804193237,-99.18587058424951
O-3.6.9,TLALPAN,HUIPULCO-HOSPITALES,0,0,0,0,0,1,0,1,0,1,2,0,8,1,8,1,7,7,0,4,19.302856804193237,-99.18587058424951
O-3.6.9,TLALPAN,HUIPULCO-HOSPITALES,2,0,0,0,0,0,0,2,0,1,3,0,7,1,7,1,8,10,0,2,19.302856804193237,-99.18587058424951
O-3.6.9,TLALPAN,HUIPULCO-HOSPITALES,4,5,0,0,1,0,0,1,1,11,1,1,34,3,34,3,22,22,2,9,19.302856804193237,-99.18587058424951
O-3.6.9,TLALPAN,HUIPULCO-HOSPITALES,0,0,0,0,0,0,0,0,0,0,0,0,0,0,0,0,0,0,0,0,19.302856804193237,-99.18587058424951
O-3.6.9,TLALPAN,HUIPULCO-HOSPITALES,1,0,0,0,0,1,0,2,1,3,2,0,7,1,7,1,3,5,0,2,19.302856804193237,-99.18587058424951
O-3.6.9,TLALPAN,HUIPULCO-HOSPITALES,0,1,0,0,0,0,0,0,0,1,0,0,5,0,5,0,0,1,0,1,19.302856804193237,-99.18587058424951
O-3.6.9,TLALPAN,HUIPULCO-HOSPITALES,0,1,0,0,0,0,0,1,0,1,1,0,1,0,1,0,0,6,0,0,19.302856804193237,-99.18587058424951
O-3.6.9,TLALPAN,HUIPULCO-HOSPITALES,0,2,0,0,0,7,0,0,2,4,2,0,15,11,15,11,3,19,0,6,19.302856804193237,-99.18587058424951
O-3.6.9,TLALPAN,HUIPULCO-HOSPITALES,0,1,0,0,0,0,1,2,0,2,0,1,11,3,11,3,1,4,0,3,19.302856804193237,-99.18587058424951
O-3.6.9,TLALPAN,HUIPULCO-HOSPITALES,1,0,0,0,0,1,0,1,1,1,2,0,7,5,7,5,0,6,0,0,19.302856804193237,-99.18587058424951
O-3.6.9,TLALPAN,HUIPULCO-HOSPITALES,0,0,0,0,0,0,0,0,1,2,0,0,8,3,8,3,3,3,0,0,19.302856804193237,-99.18587058424951
O-3.6.9,TLALPAN,HUIPULCO-HOSPITALES,0,1,0,0,0,1,1,0,1,8,2,0,2,1,2,1,3,4,0,3,19.302856804193237,-99.18587058424951
O-3.6.9,TLALPAN,PADIERNA,1,0,0,0,0,1,0,0,0,1,0,0,6,0,6,0,2,4,0,1,19.30029901170772,-99.23254800931754
O-3.6.9,TLALPAN,PADIERNA,1,1,0,0,0,3,1,0,2,4,0,1,7,3,7,3,4,8,0,1,19.30029901170772,-99.23254800931754
O-3.6.9,TLALPAN,PADIERNA,1,0,0,0,0,0,0,1,0,10,2,0,7,0,7,0,13,9,0,3,19.30029901170772,-99.23254800931754
O-3.6.9,TLALPAN,PADIERNA,0,0,0,0,1,1,0,0,0,6,0,0,12,5,12,5,2,9,0,2,19.30029901170772,-99.23254800931754
O-3.6.9,TLALPAN,PADIERNA,2,1,0,0,2,0,0,0,0,3,0,0,3,0,3,0,4,2,0,1,19.30029901170772,-99.23254800931754
O-3.6.9,TLALPAN,PADIERNA,0,1,0,0,0,0,0,1,0,8,0,0,9,1,9,1,1,3,0,2,19.30029901170772,-99.23254800931754
O-3.6.9,TLALPAN,PADIERNA,1,1,0,0,0,1,0,2,0,10,3,0,19,0,19,0,2,7,0,6,19.30029901170772,-99.23254800931754
O-3.6.9,TLALPAN,PADIERNA,2,2,0,0,0,0,2,3,0,8,1,2,13,1,13,1,9,17,0,7,19.30029901170772,-99.23254800931754
O-3.6.9,VENUSTIANO CARRANZA,ARENAL,0,0,0,0,0,1,0,0,0,1,0,1,7,0,7,0,1,6,0,4,19.425943459868023,-99.05436592407243
O-3.6.9,VENUSTIANO CARRANZA,ARENAL,2,0,0,0,1,2,0,0,0,4,4,1,7,4,7,4,4,4,0,3,19.425943459868023,-99.05436592407243
O-3.6.9,VENUSTIANO CARRANZA,ARENAL,0,0,0,0,0,0,0,0,0,3,0,0,4,1,4,1,2,2,0,0,19.425943459868023,-99.05436592407243
O-3.6.9,VENUSTIANO CARRANZA,ARENAL,0,1,2,20,1,1,0,0,1,5,0,0,28,10,28,10,2,5,0,2,19.425943459868023,-99.05436592407243
O-3.6.9,VENUSTIANO CARRANZA,ARENAL,0,1,0,2,3,2,0,0,1,2,0,0,15,5,15,5,3,7,0,0,19.425943459868023,-99.05436592407243
O-3.6.9,VENUSTIANO CARRANZA,ARENAL,0,0,0,2,0,0,0,0,0,1,0,0,4,3,4,3,0,2,0,0,19.425943459868023,-99.05436592407243
O-3.6.9,VENUSTIANO CARRANZA,ARENAL,0,2,0,5,1,0,0,0,0,8,3,0,12,1,12,1,2,6,0,0,19.425943459868023,-99.05436592407243
O-3.6.9,VENUSTIANO CARRANZA,CONGRESO,2,2,0,14,0,1,0,0,0,4,3,3,55,67,55,67,0,3,0,2,19.433944271817214,-99.11897888577893
O-3.6.9,VENUSTIANO CARRANZA,CONGRESO,1,0,0,6,0,1,0,0,1,2,2,1,37,6,37,6,0,1,0,3,19.433944271817214,-99.11897888577893
O-3.6.9,VENUSTIANO CARRANZA,CONGRESO,5,0,0,1,0,0,0,0,0,1,1,1,26,5,26,5,3,10,0,6,19.433944271817214,-99.11897888577893
O-3.6.9,VENUSTIANO CARRANZA,CONGRESO,0,0,0,1,0,0,0,0,0,0,1,0,8,0,8,0,0,3,0,0,19.433944271817214,-99.11897888577893
O-3.6.9,VENUSTIANO CARRANZA,CONGRESO,0,0,1,24,0,0,0,0,1,0,0,0,8,6,8,6,1,2,0,1,19.433944271817214,-99.11897888577893
O-3.6.9,VENUSTIANO CARRANZA,CONGRESO,2,0,0,5,1,0,1,1,0,2,2,0,14,2,14,2,2,5,0,1,19.433944271817214,-99.11897888577893
O-3.6.9,VENUSTIANO CARRANZA,CONSULADO,5,5,1,0,0,0,0,1,0,1,5,0,24,1,24,1,3,6,0,3,19.45574459225151,-99.114432313864
O-3.6.9,VENUSTIANO CARRANZA,CONSULADO,7,6,0,0,0,0,0,0,0,3,5,0,14,1,14,1,0,5,0,2,19.45574459225151,-99.114432313864
O-3.6.9,VENUSTIANO CARRANZA,CONSULADO,2,0,0,0,0,0,0,0,1,6,2,0,9,2,9,2,4,3,0,0,19.45574459225151,-99.114432313864
O-3.6.9,VENUSTIANO CARRANZA,CONSULADO,0,1,0,0,0,0,1,2,0,9,6,2,16,2,16,2,5,10,0,2,19.45574459225151,-99.114432313864
O-3.6.9,VENUSTIANO CARRANZA,CONSULADO,5,3,1,2,0,0,0,1,0,7,2,2,14,1,14,1,1,4,0,1,19.45574459225151,-99.114432313864
O-3.6.9,VENUSTIANO CARRANZA,CONSULADO,0,0,0,0,0,0,0,0,0,5,0,0,9,0,9,0,4,0,0,2,19.45574459225151,-99.114432313864
O-3.6.9,VENUSTIANO CARRANZA,CONSULADO,1,0,1,2,0,0,1,1,0,5,1,0,11,3,11,3,0,5,0,0,19.45574459225151,-99.114432313864
O-3.6.9,VENUSTIANO CARRANZA,MERCED-BALBUENA,0,0,0,1,0,0,0,0,1,6,0,0,10,0,10,0,0,1,0,1,19.43404362806962,-99.10775483980521
O-3.6.9,VENUSTIANO CARRANZA,MERCED-BALBUENA,1,1,0,1,0,0,1,1,0,4,3,0,21,7,21,7,1,6,0,4,19.43404362806962,-99.10775483980521
O-3.6.9,VENUSTIANO CARRANZA,MERCED-BALBUENA,0,1,0,10,2,0,1,1,2,3,1,0,13,4,13,4,3,13,0,1,19.43404362806962,-99.10775483980521
O-3.6.9,VENUSTIANO CARRANZA,MERCED-BALBUENA,1,0,0,0,1,0,1,1,0,3,3,0,5,0,5,0,1,7,0,1,19.43404362806962,-99.10775483980521
O-3.6.9,VENUSTIANO CARRANZA,MERCED-BALBUENA,0,0,0,1,1,0,0,0,3,3,0,0,6,1,6,1,0,7,0,2,19.43404362806962,-99.10775483980521
O-3.6.9,VENUSTIANO CARRANZA,MERCED-BALBUENA,0,0,0,0,0,0,0,1,1,6,0,0,5,0,5,0,2,6,0,0,19.43404362806962,-99.10775483980521
O-3.6.9,VENUSTIANO CARRANZA,MERCED-BALBUENA,0,0,0,0,0,0,0,0,0,2,1,0,8,1,8,1,0,2,0,1,19.43404362806962,-99.10775483980521
O-3.6.9,VENUSTIANO CARRANZA,MERCED-BALBUENA,0,0,0,0,0,0,0,1,0,5,0,0,6,2,6,2,1,5,0,5,19.43404362806962,-99.10775483980521
O-3.6.9,VENUSTIANO CARRANZA,MERCED-BALBUENA,1,0,0,0,0,0,0,0,0,2,0,0,5,1,5,1,0,3,0,2,19.43404362806962,-99.10775483980521
O-3.6.9,VENUSTIANO CARRANZA,MERCED-BALBUENA,1,0,0,0,0,0,0,0,0,4,1,0,10,2,10,2,0,3,0,0,19.43404362806962,-99.10775483980521
O-3.6.9,VENUSTIANO CARRANZA,MERCED-BALBUENA,2,1,1,6,1,0,0,0,0,4,1,0,29,4,29,4,0,4,0,0,19.43404362806962,-99.10775483980521
O-3.6.9,VENUSTIANO CARRANZA,MOCTEZUMA,0,0,0,6,0,0,1,1,1,3,3,1,12,1,12,1,0,4,0,2,19.44992519584162,-99.10167730715033
O-3.6.9,VENUSTIANO CARRANZA,MOCTEZUMA,3,0,0,2,0,1,0,1,0,15,2,1,12,2,12,2,3,7,0,6,19.44992519584162,-99.10167730715033
O-3.6.9,VENUSTIANO CARRANZA,MOCTEZUMA,1,0,0,1,0,0,0,1,0,5,2,0,10,0,10,0,0,4,0,0,19.44992519584162,-99.10167730715033
O-3.6.9,VENUSTIANO CARRANZA,MOCTEZUMA,0,0,0,0,0,0,0,1,0,1,2,1,8,1,8,1,0,0,0,0,19.44992519584162,-99.10167730715033
O-3.6.9,VENUSTIANO CARRANZA,MOCTEZUMA,1,0,0,2,0,0,0,0,1,3,1,1,9,0,9,0,1,5,0,1,19.44992519584162,-99.10167730715033
O-3.6.9,VENUSTIANO CARRANZA,MOCTEZUMA,4,3,0,0,0,0,0,0,0,6,2,0,7,2,7,2,0,4,0,4,19.44992519584162,-99.10167730715033
O-3.6.9,VENUSTIANO CARRANZA,MOCTEZUMA,2,2,0,1,0,0,1,0,0,8,3,3,16,11,16,11,6,3,0,5,19.44992519584162,-99.10167730715033
O-3.6.9,VENUSTIANO CARRANZA,MOCTEZUMA,2,0,0,0,1,0,1,0,0,4,0,0,3,3,3,3,0,3,0,0,19.44992519584162,-99.10167730715033
O-3.6.9,VENUSTIANO CARRANZA,MOCTEZUMA,1,1,0,0,0,0,1,0,0,4,0,0,6,2,6,2,1,3,0,2,19.44992519584162,-99.10167730715033
O-3.6.9,VENUSTIANO CARRANZA,MOCTEZUMA,1,0,0,0,2,0,2,0,1,3,4,0,11,4,11,4,6,10,0,4,19.44992519584162,-99.10167730715033
O-3.6.9,VENUSTIANO CARRANZA,MOCTEZUMA,1,0,0,0,0,0,0,0,1,6,3,1,14,3,14,3,4,7,0,1,19.44992519584162,-99.10167730715033
O-3.6.9,VENUSTIANO CARRANZA,MOCTEZUMA,0,0,0,0,0,0,1,0,0,7,1,0,14,1,14,1,3,8,0,1,19.44992519584162,-99.10167730715033
O-3.6.9,VENUSTIANO CARRANZA,MOCTEZUMA,0,0,0,0,1,0,0,0,0,6,2,0,3,0,3,0,2,6,0,0,19.44992519584162,-99.10167730715033
O-3.6.9,VENUSTIANO CARRANZA,MOCTEZUMA,1,0,1,2,1,0,0,0,0,7,0,2,19,2,19,2,3,4,0,2,19.44992519584162,-99.10167730715033
O-3.6.9,VENUSTIANO CARRANZA,ZARAGOZA,0,0,0,0,3,0,0,1,0,0,0,0,0,8,0,8,1,5,0,0,19.419163279719257,-99.08851635763362
O-3.6.9,VENUSTIANO CARRANZA,ZARAGOZA,0,1,0,3,0,0,2,0,0,8,0,0,4,2,4,2,2,5,0,0,19.419163279719257,-99.08851635763362
O-3.6.9,VENUSTIANO CARRANZA,ZARAGOZA,0,1,0,0,0,0,0,0,0,2,0,0,10,0,10,0,1,16,0,0,19.419163279719257,-99.08851635763362
O-3.6.9,VENUSTIANO CARRANZA,ZARAGOZA,0,1,0,0,0,0,0,1,0,5,0,0,6,1,6,1,1,5,0,0,19.419163279719257,-99.08851635763362
O-3.6.9,VENUSTIANO CARRANZA,ZARAGOZA,0,0,0,3,0,1,0,0,3,0,0,0,5,0,5,0,1,1,0,0,19.419163279719257,-99.08851635763362
O-3.6.9,VENUSTIANO CARRANZA,ZARAGOZA,0,0,0,7,3,0,1,0,3,2,0,0,12,3,12,3,0,3,0,1,19.419163279719257,-99.08851635763362
O-3.6.9,XOCHIMILCO,LA NORIA,4,2,0,0,1,0,0,0,0,2,0,0,9,0,9,0,4,7,0,4,19.264170423247595,-99.1280264259196
O-3.6.9,XOCHIMILCO,LA NORIA,1,2,0,0,0,0,0,0,0,0,1,0,4,1,4,1,1,4,0,3,19.264170423247595,-99.1280264259196
O-3.6.9,XOCHIMILCO,LA NORIA,1,0,0,0,1,0,0,1,0,0,0,0,4,0,4,0,1,5,0,4,19.264170423247595,-99.1280264259196
O-3.6.9,XOCHIMILCO,LA NORIA,0,0,0,0,0,0,0,1,0,3,0,0,15,2,15,2,2,19,0,1,19.264170423247595,-99.1280264259196
O-3.6.9,XOCHIMILCO,LA NORIA,3,1,0,0,1,1,0,3,0,0,2,0,17,1,17,1,7,23,0,3,19.264170423247595,-99.1280264259196
O-3.6.9,XOCHIMILCO,LA NORIA,0,0,0,0,0,0,0,0,0,3,0,0,5,0,5,0,3,11,0,3,19.264170423247595,-99.1280264259196
O-3.6.9,XOCHIMILCO,LA NORIA,2,0,0,0,0,0,0,0,0,0,0,0,2,0,2,0,6,5,0,0,19.264170423247595,-99.1280264259196
O-3.6.9,XOCHIMILCO,LA NORIA,1,0,0,0,0,1,0,2,0,4,3,1,7,0,7,0,1,6,0,2,19.264170423247595,-99.1280264259196
O-3.6.9,XOCHIMILCO,LA NORIA,3,0,0,0,1,0,0,0,0,0,2,0,4,0,4,0,1,3,0,1,19.264170423247595,-99.1280264259196
O-3.6.9,XOCHIMILCO,LA NORIA,0,0,0,0,0,0,0,0,0,1,1,0,5,0,5,0,1,10,0,2,19.264170423247595,-99.1280264259196
O-3.6.9,XOCHIMILCO,TEPEPAN,1,0,0,0,3,0,0,0,0,0,0,0,8,2,8,2,0,12,0,1,19.278084884634694,-99.09844655468473
O-3.6.9,XOCHIMILCO,TEPEPAN,1,0,0,0,1,0,1,1,0,1,2,0,6,0,6,0,2,9,0,4,19.278084884634694,-99.09844655468473
O-3.6.9,XOCHIMILCO,TEPEPAN,5,2,0,0,0,1,0,2,0,1,2,1,15,4,15,4,6,12,0,5,19.278084884634694,-99.09844655468473
O-3.6.9,XOCHIMILCO,TEPEPAN,3,0,0,0,0,1,0,0,1,5,0,1,19,5,19,5,3,12,0,8,19.278084884634694,-99.09844655468473
O-3.6.9,XOCHIMILCO,TEPEPAN,9,2,0,0,2,1,1,3,3,13,2,2,50,14,50,14,5,32,0,11,19.278084884634694,-99.09844655468473
O-3.6.9,XOCHIMILCO,TEPEPAN,6,0,0,0,0,0,0,3,1,2,8,0,16,0,16,0,10,26,0,10,19.278084884634694,-99.09844655468473
O-3.6.9,XOCHIMILCO,TEPEPAN,1,3,0,0,4,1,3,1,0,5,8,0,10,2,10,2,4,14,0,5,19.278084884634694,-99.09844655468473
O-3.6.9,XOCHIMILCO,TEPEPAN,5,1,0,0,2,1,0,0,0,6,1,0,15,1,15,1,12,24,0,9,19.278084884634694,-99.09844655468473
O-3.6.9,XOCHIMILCO,TEPEPAN,0,1,0,0,1,0,1,0,1,7,2,1,11,3,11,3,1,20,0,3,19.278084884634694,-99.09844655468473
O-3.6.9,XOCHIMILCO,TEPEPAN,5,0,0,0,0,0,0,0,0,1,8,1,17,1,17,1,9,14,0,5,19.278084884634694,-99.09844655468473
